         w __deregister_frame_info
         w __register_frame_info
         w userAppExit
         w userAppInit
00000000 00000802 B __ctru_dev_utf16_buf
00000000 A __sync_synchronize
00000000 b _TLS_MODULE_BASE_
00000000 a shift
00000000 a shift
00000804 00000401 B __ctru_dev_path_buf
00100000 A __start__
00100000 T _start
00100008 T __service_ptr
0010000c T __apt_appid
00100010 T __heap_size
00100014 T __linear_heap_size
00100018 T __system_arglist
0010001c T __system_runflags
00100020 t startup
00100058 t ClearMem
0010006c t ClrLoop
00100094 T _init
001000ac t .udivsi3_skip_div0_test
001000ac T __aeabi_uidiv
001000ac 000001ec T __udivsi3
00100298 00000020 T __aeabi_uidivmod
001002b8 T __aeabi_idiv
001002b8 00000220 T __divsi3
001002c0 t .divsi3_skip_div0_test
001004d8 00000020 T __aeabi_idivmod
001004f8 00000004 W __aeabi_idiv0
001004f8 00000004 W __aeabi_ldiv0
001004fc T __aeabi_ldivmod
001005d0 T __aeabi_uldivmod
00100628 00000390 T strcmp
001009b0 T __aeabi_drsub
001009b8 000002b0 T __aeabi_dsub
001009b8 000002b0 T __subdf3
001009bc 000002ac T __adddf3
001009bc 000002ac T __aeabi_dadd
00100c68 00000024 T __aeabi_ui2d
00100c68 00000024 T __floatunsidf
00100c8c 00000028 T __aeabi_i2d
00100c8c 00000028 T __floatsidf
00100cb4 00000048 T __aeabi_f2d
00100cb4 00000048 T __extendsfdf2
00100cfc 00000074 T __aeabi_ul2d
00100cfc 00000074 T __floatundidf
00100d10 00000060 T __aeabi_l2d
00100d10 00000060 T __floatdidf
00100d70 t __do_global_dtors_aux
00100dc0 t frame_dummy
00100dec 0000007c T strlcat
00100e68 00000018 T strlcpy
00100e80 00000080 t D_AddFile
00100f00 00000034 T D_PostEvent
00100f34 00000078 T D_ProcessEvents
00100fac 00000028 T D_PageTicker
00100fd4 00000114 T D_PageDrawer
001010e8 00000830 t D_Display.part.0
00101918 0000027c T D_SRB2Loop
00101b94 00000014 T D_AdvanceDemo
00101ba8 00000078 T D_StartTitle
00101c20 00000078 T D_Home
00101c98 00001148 T D_SRB2Main
00102de0 000001b0 t SL_InsertServer
00102f90 00000018 t Command_ClearBans
00102fa8 0000021c t CL_SendClientCmd
001031c4 00000074 t Command_GetPlayerNum
00103238 0000012c t Consistancy
00103364 00000070 t SV_SendRefuse
001033d4 00000078 t D_Clearticcmd
0010344c 0000009c t SendNetXCmd.part.0
001034e8 00000248 t Got_AddPlayer
00103730 00000194 t SV_AddWaitingPlayers
001038c4 00000044 T ExpandTics
00103908 00000010 T RegisterNetXCmd
00103918 000000b0 T SendNetXCmd
001039c8 00000080 T SendNetXCmd2
00103a48 00000070 T AddLmpExtradata
00103ab8 00000074 T ReadLmpExtraData
00103b2c 000001b8 T CL_UpdateServerList
00103ce4 000000b4 T nametonum
00103d98 000000f0 t Command_Ban
00103e88 000000b0 t Command_Kick
00103f38 000001a0 T SV_ResetServer
001040d8 000001a0 T D_QuitNetGame
00104278 0000007c T CL_AddSplitscreenPlayer
001042f4 000000bc T CL_RemoveSplitscreenPlayer
001043b0 00000048 T Playing
001043f8 000000b8 T SV_StopServer
001044b0 000000cc T CL_Reset
0010457c 0000057c t Got_KickCmd
00104af8 000011ec t GetPackets
00105ce4 0000066c t CL_ConnectToServer
00106350 00000208 t Command_connect
00106558 0000010c T SV_SpawnServer
00106664 0000011c T D_ClientServerInit
00106780 00000058 T SV_StartSinglePlayerServer
001067d8 00000044 T SV_SpawnPlayer
0010681c 000008b8 T NetUpdate
001070d4 00000420 T TryRunTics
001074f4 00000028 T D_NumPlayers
0010751c 00000050 t InitNode
0010756c 00000018 t Internal_Get
00107584 00000004 t Internal_FreeNodenum
00107588 000001f0 t GetFreeAcknum
00107778 00000010 t Internal_Send
00107788 000000c0 t fprintfstring
00107848 000002c4 t DebugPrintpacket
00107b0c 00000064 t D_SetDoomcom.part.0
00107b70 000001f0 T Net_GetNetStat
00107d60 0000013c T Net_UnAcknowledgPacket
00107e9c 0000005c T Net_AbortPacketType
00107ef8 000002f0 T HSendPacket
001081e8 00000078 T Net_SendAcks
00108260 000001b8 T Net_CloseConnection
00108418 00000170 t Removeack
00108588 00000314 T Net_AckTicker
0010889c 00000704 T HGetPacket
00108fa0 00000084 T Net_WaitAllAckReceived
00109024 000003f4 T D_CheckNetGame
00109418 000000ac T Command_Ping_f
001094c4 000000fc T D_CloseConnection
001095c0 000000ec t EndSend
001096ac 000000a8 T D_ParseFileneeded
00109754 00000054 T CL_PrepareDownloadSaveGame
001097a8 00000138 T CL_LoadServerFiles
001098e0 000000ec T SendRam
001099cc 000002d0 T FiletxTicker
00109c9c 00000318 T Got_Filetxpak
00109fb4 0000003c T AbortSendFiles
00109ff0 000000a0 T CloseNetFile
0010a090 0000006c T nameonly
0010a0fc 0000011c T PutFileNeeded
0010a218 00000450 T SendRequestFile
0010a668 00000230 T SendFile
0010a898 00000050 T Got_RequestFilePak
0010a8e8 00000074 T checkfilemd5
0010a95c 000000a0 T findfile
0010a9fc 000001fc T CL_CheckFiles
0010abf8 00000028 t Got_WeaponPref
0010ac20 0000012c t Startrings_OnChange
0010ad4c 00000100 t Startlives_OnChange
0010ae4c 00000100 t Startcontinues_OnChange
0010af4c 000000d4 t PointLimit_OnChange
0010b020 00000020 t Got_PizzaOrder
0010b040 00000054 t Command_Nodes_f
0010b094 0000002c t Command_Version_f
0010b0c0 00000018 t Command_ShowGametype_f
0010b0d8 0000010c t Command_ExitLevel_f
0010b1e4 00000018 t Command_Displayplayer_f
0010b1fc 00000138 t IsNameGood
0010b334 000000ec t SetPlayerName
0010b420 000001d8 t CleanupPlayerName
0010b5f8 000003d0 t SendNameAndColor
0010b9c8 00000018 t ForceSkin_OnChange
0010b9e0 0000006c t SendWeaponPref
0010ba4c 000003a0 t SendNameAndColor2
0010bdec 000000cc t TimeLimit_OnChange
0010beb8 00000028 t Got_RandomSeed
0010bee0 000000d8 t Got_SaveGamecmd
0010bfb8 00000138 t Command_Teamchange2_f
0010c0f0 00000148 t Command_Teamchange_f
0010c238 0000014c t Command_Save_f
0010c384 000000dc t Command_Pause
0010c460 00000160 t Command_ServerTeamChange_f
0010c5c0 00000008 t Command_Quit_f
0010c5c8 00000140 t Command_RunSOC
0010c708 00000084 t Command_ListWADS_f
0010c78c 00000220 t Command_Addfile
0010c9ac 000002ec t Got_Teamchange
0010cc98 000000d8 t Command_MotD_f
0010cd70 000000bc t Got_Login
0010ce2c 0000015c t Got_Pause
0010cf88 00000518 t Got_NameAndColor
0010d4a0 00000028 t Command_ResetCamera_f
0010d4c8 00000024 t Command_Writethings_f
0010d4ec 00000018 t Command_Playintro_f
0010d504 00000250 t Command_RTeleport_f
0010d754 00000224 t Command_Teleport_f
0010d978 00000008 t Command_StopMovie_f
0010d980 00000008 t Command_StartMovie_f
0010d988 00000018 t Command_Stopdemo_f
0010d9a0 00000208 T ObjectPlace_OnChange
0010dba8 00000088 T Command_ExitGame_f
0010dc30 00000138 t Got_RunSOCcmd
0010dd68 00000170 t Got_Addfilecmd
0010ded8 00000044 t Command_Clearscores_f
0010df1c 000000e4 t Ringslinger_OnChange
0010e000 0000002c t NumLaps_OnChange
0010e02c 00000060 t Mute_OnChange
0010e08c 0000004c t Command_Isgamemodified_f
0010e0d8 00000068 t Command_Showmap_f
0010e140 000000c4 t Got_Clearscores
0010e204 00000058 t Got_Verification
0010e25c 0000004c t Color_OnChange
0010e2a8 00000060 t Skin_OnChange
0010e308 0000004c t Color2_OnChange
0010e354 00000060 t Skin2_OnChange
0010e3b4 000000a0 t Gravity_OnChange
0010e454 00000030 t NetTimeout_OnChange
0010e484 00000028 t DummyConsvar_OnChange
0010e4ac 00000040 t Command_OrderPizza_f
0010e4ec 0000006c t Command_SetForcedSkin_f
0010e558 000000a8 t Got_LoadGamecmd
0010e600 000000b0 t Command_Load_f
0010e6b0 0000007c t Command_JumpToAxis_f
0010e72c 00000084 t Command_Verify_f
0010e7b0 000000b0 t Command_Login_f
0010e860 0000009c t Command_Changepassword_f
0010e8fc 00000098 t Got_ExitLevelcmd
0010e994 0000009c t Command_Skynum_f
0010ea30 00000078 t Command_Tunes_f
0010eaa8 000000a4 t Command_Timedemo_f
0010eb4c 000000a4 t Command_Playdemo_f
0010ebf0 000005f4 T D_RegisterServerCommands
0010f1e4 000004f8 T D_RegisterClientCommands
0010f6dc 00000084 T D_SendPlayerConfig
0010f760 000001a4 T D_MapChange
0010f904 00000534 t Command_Map_f
0010fe38 00000408 T D_GameTypeChanged
00110240 000003dc t Got_Mapcmd
0011061c 00000094 t myfgets
001106b0 00000084 t myhashfgets
00110734 00000058 t deh_warning
0011078c 000033c0 t DEH_LoadDehackedFile
00113b4c 00000068 T DEH_LoadDehackedLump
00113bb4 000001ac T Z_Init
00113d60 000000e0 T Z_Free
00113e40 00000090 T Z_FreeTags
00113ed0 00000128 T Z_CheckHeap
00113ff8 00000074 T Z_ChangeTag2
0011406c 000000b0 T Z_FreeMemory
0011411c 000000e0 t Command_Memfree_f
001141fc 00000268 T Z_MallocAlign
00114464 0000002c T Z_StrDup
00114490 0000020c t F_DrawPatchCol
0011469c 00000140 t F_SkyScroll
001147dc 00000184 t F_WriteText
00114960 0000025c t F_DrawCreditScreen
00114bbc 00000200 T F_StartTitleScreen
00114dbc 00000160 T F_StartDemoEnd
00114f1c 0000007c T F_StartGameEvaluation
00114f98 00000194 T F_StartCustomCutscene
0011512c 000017dc T F_StartCredits
00116908 000000e8 T F_StartIntro
001169f0 00000048 T F_Responder
00116a38 00000098 T F_IntroResponder
00116ad0 00000030 T F_CutsceneResponder
00116b00 00000114 T F_CreditResponder
00116c14 000000a8 T F_Ticker
00116cbc 0000002c T F_TitleScreenTicker
00116ce8 00000180 T F_DemoEndTicker
00116e68 00000028 T F_GameEvaluationTicker
00116e90 0000009c T F_CreditTicker
00116f2c 00000094 T F_IntroTicker
00116fc0 000000a4 T F_CutsceneTicker
00117064 000001cc T F_Drawer
00117230 0000024c T F_TitleScreenDrawer
0011747c 00000390 T F_DemoEndDrawer
0011780c 00000b50 T F_GameEvaluationDrawer
0011835c 00000168 T F_CreditDrawer
001184c4 00000f58 T F_IntroDrawer
0011941c 000000cc T F_EndCutScene
001194e8 000006f8 T F_CutsceneDrawer
00119be0 0000001c T F_WipeStartScreen
00119bfc 00000060 T F_WipeEndScreen
00119c5c 00000164 T F_ScreenWipe
00119dc0 000000c4 t JoyAxis
00119e84 000000c4 t Joy2Axis
00119f48 00000094 t RandMap
00119fdc 00000034 t ShowMessage_OnChange
0011a010 000000b8 t Analog_OnChange
0011a0c8 000000b8 t Analog2_OnChange
0011a180 0000002c t UserAnalog_OnChange
0011a1ac 0000002c t UserAnalog2_OnChange
0011a1d8 000000dc t G_CheckSpot.part.0
0011a2b4 00000078 T G_BuildMapName
0011a32c 00000040 T G_ClipAimingPitch
0011a36c 00000a5c T G_BuildTiccmd
0011adc8 00000aac T G_BuildTiccmd2
0011b874 00000368 T G_DoLoadLevel
0011bbdc 00000440 T G_PlayerReborn
0011c01c 000000cc T G_DeathMatchSpawnPlayer
0011c0e8 0000022c T G_CoopSpawnPlayer
0011c314 00000338 T G_DoReborn
0011c64c 0000001c T G_AddPlayer
0011c668 00000020 T G_ExitLevel
0011c688 0000007c T G_AfterIntermission
0011c704 0000054c T G_DoCompleted
0011cc50 00000014 T G_NextLevel
0011cc64 00000044 T G_LoadGameSettings
0011cca8 000002bc T G_LoadGameData
0011cf64 000001e8 T G_SaveGameData
0011d14c 0000001c T G_LoadGame
0011d168 00000298 T G_DoLoadGame
0011d400 00000034 T G_SaveGame
0011d434 000001ac T G_DoSaveGame
0011d5e0 000000d4 T G_DeferedInitNew
0011d6b4 000002a8 T G_InitNew
0011d95c 0000009c T G_RecordDemo
0011d9f8 000000ec T G_BeginRecording
0011dae4 0000002c T G_DeferedPlayDemo
0011db10 00000130 T G_DoPlayDemo
0011dc40 000000cc T G_TimeDemo
0011dd0c 00000058 T G_MovieMode
0011dd68 0000005c T G_DoneLevelLoad
0011ddc4 00000080 T G_StopDemo
0011de48 00000294 T G_CheckDemoStatus
0011e0dc 000004e0 T G_Responder
0011e5bc 0000047c T G_Ticker
0011ea38 00000014 T G_SetExitGameFlag
0011ea4c 00000014 T G_ClearExitGameFlag
0011ea60 00000010 T G_GetExitGameFlag
0011ea70 00000068 t G_CheckDoubleUsage.part.0
0011ead8 00000444 T G_MapEventsToControls
0011ef1c 00000014 T G_ClearControlKeys
0011ef30 00000094 T G_KeynumToString
0011efc4 000000a0 T G_KeyStringtoNum
0011f064 000000b4 t setcontrol
0011f118 000000e0 T G_Controldefault
0011f1f8 000000fc T G_SaveKeySetting
0011f2f4 00000018 T G_CheckDoubleUsage
0011f30c 00000038 T Command_Setcontrol_f
0011f344 00000038 T Command_Setcontrol2_f
0011f37c 00000110 t AM_changeWindowLoc
0011f48c 00000108 t AM_drawFline_soft
0011f594 000000d4 t AM_activateNewScale
0011f668 00000074 t AM_rotate
0011f6dc 0000074c t AM_clipMline.constprop.0
0011fe28 000001d4 t AM_drawLineCharacter
0011fffc 00000024 T AM_Stop
00120020 00000b64 T AM_Responder
00120b84 00000284 T AM_Ticker
00120e08 0000046c T AM_Drawer
00121274 00000064 t COM_Echo_f
001212d8 00000048 t COM_Wait_f
00121320 000002d8 t COM_Help_f
001215f8 00000330 t Setvalue
00121928 00000160 t Got_NetVar
00121a88 000000ac t COM_CEcho_f
00121b34 00000040 t COM_CEchoDuration_f
00121b74 00000038 t COM_CEchoFlags_f
00121bac 000000fc t COM_Alias_f.part.0
00121ca8 00000024 t COM_Alias_f
00121ccc 00000010 T COM_Argc
00121cdc 00000034 T COM_Argv
00121d10 00000060 T COM_CheckParm
00121d70 000000d0 T COM_AddCommand
00121e40 000000fc T COM_Init
00121f3c 00000078 T COM_CompleteCommand
00121fb4 00000094 T VS_GetSpace
00122048 00000064 T COM_BufAddText
001220ac 00000190 T CV_RegisterVar
0012223c 00000078 T CV_CompleteVar
001222b4 0000008c T CV_SaveNetVars
00122340 0000006c T CV_LoadNetVars
001223ac 00000170 T CV_Set
0012251c 000004b0 T COM_BufExecute
001229cc 00000084 T COM_BufInsertText
00122a50 0000013c t COM_Exec_f
00122b8c 0000002c T CV_StealthSet
00122bb8 00000044 T CV_StealthSetValue
00122bfc 00000034 T CV_SetValue
00122c30 000006ec T CV_AddValue
0012331c 000000c4 t COM_Toggle_f
001233e0 0000002c T CV_ClearChangedFlags
0012340c 000000b4 T CV_SaveVariables
001234c0 00000074 t CONS_Clear_f
00123534 000000b0 t CON_Linefeed
001235e4 000002a0 t CON_Print
00123884 00000208 t CON_RecalcSize
00123a8c 0000001c t CONS_speed_Change
00123aa8 0000049c T CON_Init
00123f44 00000028 T CON_ClearHUD
00123f6c 00000074 T CON_ToggleOff
00123fe0 000001e8 T CON_Ticker
001241c8 000000b8 T CON_LogMessage
00124280 000004bc T CON_Drawer
0012473c 000000c4 T CONS_Printf
00124800 000000f4 t CONS_Bind_f
001248f4 00000020 t CONS_English_f
00124914 000006e8 T CON_Responder
00124ffc 00000034 T CONS_Error
00125030 00000418 t Got_Saycmd
00125448 00000100 t DoSayCommand
00125548 00000060 t Command_Sayteam_f
001255a8 00000030 t Command_Say_f
001255d8 00000058 t Command_Sayto_f
00125630 00000374 T HU_Init
001259a4 000000d4 T TeamPlay_OnChange
00125a78 000001a0 T HU_Ticker
00125c18 00000080 T HU_clearChatChars
00125c98 00000044 T HU_Start
00125cdc 00000390 T HU_Responder
0012606c 00000140 T HU_Erase
001261ac 00000158 T HU_CreateTeamScoresTbl
00126304 0000026c T HU_DrawTabRankings
00126570 00000478 t HU_DrawRankings
001269e8 000005c0 T HU_Drawer
00126fa8 00000078 t Y_DrawScaledNum
00127020 00000140 t Y_CalculateMatchWinners
00127160 000002c0 t Y_UnloadData
00127420 00000ee0 T Y_IntermissionDrawer
00128300 00001380 T Y_StartIntermission
00129680 0000002c T Y_EndIntermission
001296ac 00000098 T Y_EndGame
00129744 000001b4 t Y_FollowIntermission
001298f8 00000544 T Y_Ticker
00129e3c 000000d4 t ST_DrawNightsOverlayNum
00129f10 00000600 t ST_drawDebugInfo
0012a510 000000e4 t ST_DrawOverlayNum.constprop.0
0012a5f4 000001c8 t ST_drawEmeraldHuntIcon
0012a7bc 00000bf4 t ST_drawLevelTitle
0012b3b0 00001410 t ST_drawNiGHTSHUD
0012c7c0 00003260 t ST_overlayDrawer
0012fa20 00000068 T ST_SameTeam
0012fa88 00000004 T ST_Ticker
0012fa8c 000000d4 T ST_doPaletteStuff
0012fb60 000000b8 T ST_Drawer
0012fc18 0000004c T ST_LoadFaceGraphics
0012fc64 0000004c T ST_LoadFaceNameGraphics
0012fcb0 00000068 T ST_Start
0012fd18 00000824 T ST_Init
0013053c 00000068 T ST_changeDemoView
001305a4 0000006c T M_CheckParm
00130610 0000005c T M_IsNextParm
0013066c 0000005c T M_GetNextParm
001306c8 00000120 T M_PushSpecialParameters
001307e8 00000320 T M_FindResponseFile
00130b08 00000018 T M_ClearBox
00130b20 00000034 T M_AddToBox
00130b54 0000006c T cht_Init
00130bc0 00000098 T cht_CheckCheat
00130c58 0000004c T cht_GetParam
00130ca4 000000c8 T Command_CheatNoClip_f
00130d6c 000000c8 T Command_CheatGod_f
00130e34 00000044 T Command_Resetemeralds_f
00130e78 0000007c T Command_Devmode_f
00130ef4 00000220 T cht_Responder
00131114 00000010 T FixedMul
00131128 00000074 T FixedDiv2
0013119c 00000004 t M_BetaShowcase
001311a0 00000004 t M_DrawReadThis2
001311a4 00000078 t M_DrawMenuTitle
0013121c 0000002c t M_DrawReadThis1
00131248 00000090 t M_DrawSaveLoadBorder
001312d8 00000158 t M_DrawUnlockChecklist
00131430 000000f4 t M_DrawSlider
00131524 00000158 t M_DrawThermo
0013167c 00000004 t M_AddonCompare
00131680 00000224 t M_BuildAddonsMenu
001318a4 0000013c t M_ScanAddons
001319e0 0000001c t M_RefreshAddons
001319fc 00000044 t M_NextAddonPage
00131a40 00000034 t M_PrevAddonPage
00131a74 00000010 t M_QuitChoosePlayerMenu
00131a84 00000008 t M_UltimateCheat
00131a8c 000001f8 t M_ReadSaveStrings
00131c84 00000010 t M_CancelConnect
00131c94 00000010 t M_Refresh
00131ca4 0000002c t M_DrawTimeAttackBonus
00131cd0 0000002c t M_DrawEasterEggBonus
00131cfc 00000080 t M_QuitMultiPlayerMenu
00131d7c 00000070 t M_SaveSelect
00131dec 00000010 T M_ExitGameResponse
00131dfc 000000d8 t M_ChangeCvar
00131ed4 00000030 t M_AssignJoystick
00131f04 00000148 t Newgametype_OnChange.part.0
0013204c 00000018 t Newgametype_OnChange
00132064 00000270 t M_PatchLevelNameTable
001322d4 00000090 t Nextmap_OnChange
00132364 00000098 T M_QuitResponse
001323fc 00000274 t M_DrawCustomChecklist
00132670 00000404 t M_DrawStats5
00132a74 00000404 t M_DrawStats3
00132e78 00000404 t M_DrawStats2
0013327c 0000043c t M_DrawStats4
001336b8 000003d8 t M_DrawVideoMode
00133a90 00000784 t M_DrawStats
00134214 00000040 T M_SwitchSplitscreen
00134254 00000038 T M_GotEnoughEmblems
0013428c 00000078 T M_GotLowEnoughTime
00134304 000001e8 T M_DrawTextBox
001344ec 00000448 T M_DrawGenericMenu
00134934 00000098 t M_DrawAddons
001349cc 000001d0 t M_DrawConnectMenu
00134b9c 0000011c t M_DrawServerMenu
00134cb8 000002c4 t M_DrawTimeAttackMenu
00134f7c 0000008c t M_DrawLevelSelectMenu
00135008 000000b4 t M_DrawJoystick
001350bc 000001f0 t M_DrawSetupMultiPlayerMenu
001352ac 00000140 t M_DrawSetupChoosePlayerMenu
001353ec 00000084 t M_DrawNewGame
00135470 00000628 t M_DrawControl
00135a98 0000028c t M_DrawGameStats
00135d24 0000005c t M_DrawLoad
00135d80 000000cc t M_DrawSave
00135e4c 00000158 t M_DrawMessageMenu
00135fa4 000000d8 t M_Connect
0013607c 0000006c t M_ConnectIP.constprop.0
001360e8 0000003c T M_Drawer
00136124 00000130 T M_StartControlPanel
00136254 00000208 T M_StartMessage
0013645c 00000060 t M_QuitSRB2
001364bc 0000008c t M_DestroyRobots
00136548 00000068 t M_EraseData
001365b0 000000f4 t M_ToggleMIDI
001366a4 000000f8 t M_ToggleDigital
0013679c 000000e4 t M_ToggleSFX
00136880 0000005c t M_ChangeControl
001368dc 0000003c T M_EndGame
00136918 0000006c T M_ClearMenus
00136984 0000006c t M_LoadAddon
001369f0 00000020 t M_DestroyRobotsResponse
00136a10 0000003c t M_LoadSelect
00136a4c 00000080 t M_ChooseTimeAttack
00136acc 00000088 t M_ChooseTimeAttackNoRecord
00136b54 00000070 t M_ReplayTimeAttack
00136bc4 00000218 t M_StartServer
00136ddc 0000013c t M_ConnectIPMenu
00136f18 00000094 t M_ChoosePlayer
00136fac 0000005c t M_SecretsDataResponse
00137008 0000003c t M_EndGameResponse
00137044 00000060 t M_QuickSaveResponse
001370a4 00000054 t M_QuickLoadResponse
001370f8 000000b8 T M_SetupNextMenu
001371b0 0000000c t M_OptionsMenu
001371bc 00000028 t M_AddonsMenu
001371e4 00000128 t M_SecretsMenu
0013730c 0000000c t M_EasterEggBonus
00137318 0000000c t M_TimeAttackBonus
00137324 00000074 t M_Reward
00137398 000000a8 t M_ChristmasGame
00137440 000000a8 t M_AdventureGame
001374e8 000000a8 t M_MarioGame
00137590 000000a8 t M_NightsGame
00137638 00000054 t M_LevelSelect
0013768c 00000034 t M_UnlockChecklist
001376c0 00000024 t M_Stats4
001376e4 00000024 t M_Stats3
00137708 00000024 t M_Stats2
0013772c 00000168 t M_SaveGame
00137894 00000054 t M_LoadGame
001378e8 00000044 t M_Statistics
0013792c 00000164 t M_TimeAttack
00137a90 000000d0 t M_NewGame
00137b60 00000104 t M_SetupMultiPlayerBis
00137c64 0000004c t M_Setup2PControlsMenu
00137cb0 000002c8 t M_HandleSetupMultiPlayer
00137f78 00000104 t M_SetupMultiPlayer
0013807c 00000050 t M_NetOption
001380cc 00000070 t M_Splitscreen
0013813c 000000dc t M_ConnectMenu
00138218 0000007c t M_StartServerMenu
00138294 0000003c t M_TimeDataResponse
001382d0 0000004c t M_Setup1PControlsMenu
0013831c 00000050 t M_GameOption
0013836c 000001bc t M_CustomSecretsMenu
00138528 000000d8 t M_CustomWarp
00138600 00000054 t M_CustomLevelSelect
00138654 0000000c t M_CustomChecklist
00138660 000000b0 t M_LevelSelectWarp
00138710 00000050 t M_MonitorToggles
00138760 00000050 t M_CTFOptions
001387b0 00000050 t M_TagOptions
00138800 00000050 t M_RaceOptions
00138850 00000050 t M_MatchOptions
001388a0 0000000c t M_ControlDef2
001388ac 00000010 t M_StopMessage
001388bc 0000014c t M_ChangecontrolResponse
00138a08 0000028c t M_HandleVideoMode
00138c94 00000050 t M_ChooseSkill
00138ce4 000000a8 t M_SetupJoystickMenu.isra.0
00138d8c 00000014 t M_Setup1PJoystickMenu
00138da0 00000014 t M_Setup2PJoystickMenu
00138db4 0000119c T M_Responder
00139f50 00000070 T M_Ticker
00139fc0 0000006c T M_Init
0013a02c 000000bc t M_SaveConfig.part.0
0013a0e8 0000008c T M_MapNumber
0013a174 00000060 T FIL_WriteFile
0013a1d4 000000a0 T FIL_ReadFile
0013a274 00000014 T FIL_FileExists
0013a288 00000014 T FIL_WriteFileOK
0013a29c 00000014 T FIL_ReadFileOK
0013a2b0 00000014 T FIL_FileOK
0013a2c4 00000064 T FIL_DefaultExtension
0013a328 00000108 T Command_SaveConfig_f
0013a430 00000018 T M_SaveConfig
0013a448 00000038 T va
0013a480 000000c0 T Command_LoadConfig_f
0013a540 00000058 T Command_ChangeConfig_f
0013a598 00000084 T M_FirstLoadConfig
0013a61c 000001d4 t Newsnapshotfile
0013a7f0 0000030c T M_ScreenShot
0013aafc 0000005c T strcatbf
0013ab58 00000028 T P_Random
0013ab80 00000038 T P_SignedRandom
0013abb8 00000028 T M_Random
0013abe0 00000020 T M_ClearRandom
0013ac00 00000010 T P_GetRandIndex
0013ac10 00000010 T P_SetRandIndex
0013ac20 000000e8 T P_PatchInfoTables
0013ad08 00000058 T P_BackupTables
0013ad60 00000074 T P_ResetData
0013add4 00000454 T T_MoveCeiling
0013b228 000000f0 T T_CrushCeiling
0013b318 000003f0 T EV_DoCeiling
0013b708 0000010c T EV_DoCrush
0013b814 00000104 t P_CheckMeleeRange
0013b918 0000018c t P_Move
0013baa4 00000160 t P_LookForPlayers.part.0
0013bc04 0000009c t P_CheckMissileRange
0013bca0 000002f0 t A_JetChase.part.0
0013bf90 000003ac t P_NewChaseDir
0013c33c 000000c8 T A_Look
0013c404 0000027c T A_Chase
0013c680 00000254 T A_SkimChase
0013c8d4 00000038 T A_FaceTarget
0013c90c 00000134 T A_FireShot
0013ca40 00000144 T A_SuperFireShot
0013cb84 00000158 T A_SkullAttack
0013ccdc 000000e4 T A_BossScream
0013cdc0 00000040 T A_Scream
0013ce00 00000014 T A_Pain
0013ce14 00000014 T A_Fall
0013ce28 00000100 T A_1upThinker
0013cf28 00000514 T A_MonitorPop
0013d43c 00000010 T A_Explode
0013d44c 000004b0 T A_BossDeath
0013d8fc 00000078 T A_CustomPower
0013d974 000000ac T A_JumpShield
0013da20 000000ac T A_RingShield
0013dacc 000000a4 T A_RingBox
0013db70 000000b8 T A_Invincibility
0013dc28 000000c8 T A_SuperSneakers
0013dcf0 000000c0 T A_ExtraLife
0013ddb0 000000ac T A_BombShield
0013de5c 00000138 T A_WaterShield
0013df94 000000ac T A_FireShield
0013e040 00000010 T A_ScoreRise
0013e050 00000070 T A_BunnyHop
0013e0c0 000000d8 T A_BubbleSpawn
0013e198 000000c8 T A_BubbleRise
0013e260 00000018 T A_BubbleCheck
0013e278 00000278 T A_AttractChase
0013e4f0 000000a8 T A_DropMine
0013e598 000000a4 T A_FishJump
0013e63c 00000034 T A_SignPlayer
0013e670 0000038c T A_ThrownRing
0013e9fc 0000005c T A_SetSolidSteam
0013ea58 00000014 T A_UnsetSolidSteam
0013ea6c 00000010 T A_JetChase
0013ea7c 000001d4 T A_JetbThink
0013ec50 000000d8 T A_JetgShoot
0013ed28 000000b4 T A_ShootBullet
0013eddc 00000168 T A_JetgThink
0013ef44 00000088 T A_MouseThink
0013efcc 00000354 T A_DetonChase
0013f320 0000014c T A_CapeChase
0013f46c 00000138 T A_RotateSpikeBall
0013f5a4 00000048 T A_SnowBall
0013f5ec 00000484 T A_CrawlaCommanderThink
0013fa70 00000238 T A_RingExplode
0013fca8 00000518 T A_MixUp
001401c0 00000074 T A_PumaJump
00140234 00000174 T A_Boss1Chase
001403a8 00000298 T A_Boss2Chase
00140640 00000108 T A_Boss2Pogo
00140748 00000050 T A_Invinciblerize
00140798 00000014 T A_DeInvinciblerize
001407ac 00000140 T A_Boss2PogoSFX
001408ec 0000004c T A_EggmanBox
00140938 00000094 T A_TurretFire
001409cc 00000094 T A_SuperTurretFire
00140a60 0000004c T A_TurretStop
00140aac 00000134 T A_SparkFollow
00140be0 000003bc T A_BuzzFly
00140f9c 00000010 T A_SetReactionTime
00140fac 00000098 T A_LinedefExecute
00141044 00000014 T A_PlaySeeSound
00141058 00000014 T A_PlayAttackSound
0014106c 00000014 T A_PlayActiveSound
00141080 00000080 T A_SmokeTrailer
00141100 00000034 T A_SpawnObjectAbsolute
00141134 00000088 T A_SpawnObjectRelative
001411bc 00000084 T A_ChangeAngleRelative
00141240 0000007c T A_ChangeAngleAbsolute
001412bc 00000024 T A_PlaySound
001412e0 00000180 T A_FindTarget
00141460 00000180 T A_FindTracer
001415e0 00000034 T A_SetTics
00141614 00000070 T A_ChangeColorRelative
00141684 0000005c T A_ChangeColorAbsolute
001416e0 00000030 T A_MoveRelative
00141710 0000002c T A_MoveAbsolute
0014173c 00000060 T A_SetTargetsTarget
0014179c 00000044 T A_SetObjectFlags
001417e0 00000044 T A_SetObjectFlags2
00141824 0000015c T A_BossJetFume
00141980 0000003c T A_RandomState
001419bc 00000060 T A_RandomStateRange
00141a1c 00000128 T A_DualAction
00141b44 000009ac t Translucency_OnChange
001424f0 00000230 T T_MovePlane
00142720 00000368 T T_MoveFloor
00142a88 00000360 T T_MoveElevator
00142de8 000000e0 T T_ContinuousFalling
00142ec8 00000410 T T_BounceCheese
001432d8 0000036c T T_StartCrumble
00143644 000000fc T T_MarioBlock
00143740 00000080 T T_SpikeSector
001437c0 0000014c T T_FloatSector
0014390c 00000074 T T_MarioBlockChecker
00143980 000002f4 T T_ThwompSector
00143c74 00000138 T T_NoEnemiesSector
00143dac 0000034c T T_RaiseSector
001440f8 00000418 T T_CameraScanner
00144510 00000ed0 T EV_DoFloor
001453e0 00000a54 T EV_DoElevator
00145e34 00000288 T EV_CrumbleChain
001460bc 00000094 T EV_BounceSector
00146150 0000008c T EV_DoContinuousFall
001461dc 00000138 T EV_StartCrumble
00146314 000001f4 T EV_MarioBlock
00146508 0000028c t P_HitMessages
00146794 0000013c t P_DoNightsScore
001468d0 00000384 t P_PlayerRingBurst.part.0
00146c58 000000cc t P_ForceFeed.part.0.constprop.0
00146d24 000000a4 T P_ClearStarPost
00146dc8 0000007c T P_CheckPointLimit
00146e44 00000064 T P_PlayRinglossSound
00146ea8 00000064 T P_PlayDeathSound
00146f0c 00000064 T P_PlayVictorySound
00146f70 00000d58 T P_KillMobj
00147cc8 00000064 T P_PlayTauntSound
00147d2c 00000044 T P_PlayerRingBurst
00147d70 00000214 T P_PlayerFlagBurst
00147f84 0000142c t P_DamageMobj.part.0
001493b0 00000020 T P_DamageMobj
001493d0 00001a60 T P_TouchSpecialThing
0014ae30 0000005c T T_LightningFlash
0014ae8c 00000074 T T_LightFade
0014af00 0000003c T T_StrobeFlash
0014af3c 0000008c T T_Glow
0014afc8 00000058 T T_FireFlicker
0014b020 00000088 T P_SpawnFireFlicker
0014b0a8 000000cc T P_SpawnAdjustableFireFlicker
0014b174 0000007c T P_SpawnLightningFlash
0014b1f0 000000b8 T P_SpawnStrobeFlash
0014b2a8 00000084 T P_SpawnGlowingLight
0014b32c 00000168 T P_SpawnAdjustableGlowingLight
0014b494 00000090 T P_FadeLight
0014b524 00000054 t P_DelSecnode
0014b578 000000b0 t add_spechit
0014b628 000000f0 t PTR_SlideCameraTraverse
0014b718 0000064c t PTR_SlideTraverse
0014bd64 00000710 t PTR_AimTraverse
0014c474 0000019c t PIT_CheckLine
0014c610 00000120 t PIT_CheckCameraLine
0014c730 00000138 t PIT_RadiusAttack
0014c868 000000b0 t P_AddSecnode
0014c918 000000c0 t PIT_GetSectors
0014c9d8 000000b0 t P_AddPrecipSecnode
0014ca88 000000c0 t PIT_GetPrecipSectors
0014cb48 00000220 t PIT_ChangeSector.part.0
0014cd68 00000200 t P_TryMove.part.0
0014cf68 00000430 T P_CheckPosition
0014d398 000001d0 t P_ThingHeightClip
0014d568 000000e8 T P_TeleportMove
0014d650 0000023c t P_DoSpring
0014d88c 00000f48 t PIT_CheckThing
0014e7d4 00000308 T P_TryCameraMove
0014eadc 00000048 T P_TryMove
0014eb24 000000e8 T P_SceneryTryMove
0014ec0c 000002fc T P_SlideCameraMove
0014ef08 00000470 T P_BounceMove
0014f378 0000042c T P_SlideMove
0014f7a4 00000188 T P_AimLineAttack
0014f92c 000000bc T P_RadiusAttack
0014f9e8 00000188 T P_CheckSector
0014fb70 00000020 T P_Initsecnode
0014fb90 0000006c T P_DelSeclist
0014fbfc 0000006c T P_DelPrecipSeclist
0014fc68 00000188 T P_CreateSecNodeList
0014fdf0 000001a8 T P_CreatePrecipSecNodeList
0014ff98 000000fc T P_FloorzAtPos
00150094 0000047c T P_CheckOnmobj
00150510 000000a4 t P_CheckIntercepts
001505b4 00000024 T P_AproxDistance
001505d8 000000ac T P_PointOnLineSide
00150684 00000184 T P_BoxOnLineSide
00150808 000000cc T P_PointOnDivlineSide
001508d4 000000c8 T P_InterceptVector
0015099c 00000120 t PIT_AddLineIntercepts
00150abc 00000320 T P_CameraLineOpening
00150ddc 00000348 T P_LineOpening
00151124 00000124 T P_UnsetThingPosition
00151248 00000058 T P_UnsetPrecipThingPosition
001512a0 0000019c T P_SetThingPosition
0015143c 00000060 T P_SetPrecipitationThingPosition
0015149c 000000f4 T P_BlockLinesIterator
00151590 00000080 T P_BlockThingsIterator
00151610 00000524 T P_PathTraverse
00151b34 0000010c t P_SceneryCheckWater
00151c40 00000064 t CalculatePrecipFloor
00151ca4 0000007c t RotateXMatrix
00151d20 00000084 t RotateZMatrix
00151da4 000000ac t P_SceneryXYFriction
00151e50 00000130 t VectorMatrixMultiply
00151f80 0000002c T P_SnowThinker
00151fac 0000002c t Respawn_OnChange
00151fd8 000000cc t P_SpawnSnowMobj.constprop.0
001520a4 000000c8 t P_Look4Players.constprop.0
0015216c 00000058 t P_ObjectInWater.isra.0
001521c4 000001cc T P_RainThinker
00152390 00000014 T P_InitCachedActions
001523a4 00000070 T P_RunCachedActions
00152414 000000a0 T P_DestroyRobots
001524b4 00000268 T P_CameraThinker
0015271c 00000004 T P_RecalcPrecipInSector
00152720 00000004 T P_NullPrecipThinker
00152724 000000a8 T P_SupermanLook4Players
001527cc 000000c4 T P_GetClosestAxis
00152890 000001a0 T P_Attract
00152a30 0000030c T P_SpawnMobj
00152d3c 00000508 T P_MobjCheckWater
00153244 000002b0 T P_SpawnParaloop
001534f4 000000ec T P_RemoveMobj
001535e0 0000028c T P_SetPlayerMobjState
0015386c 00000af8 t P_PlayerZMovement
00154364 00000184 T P_SetMobjState
001544e8 00000170 T P_PushableThinker
00154658 000001e8 t P_ExplodeMissile.part.0.constprop.0
00154840 00000020 T P_ExplodeMissile
00154860 00000728 T P_XYMovement
00154f88 00000c14 t P_ZMovement
00155b9c 0000008c T P_RailThinker
00155c28 000006b0 T P_SceneryThinker
001562d8 00000060 T P_SetMobjStateNF
00156338 0000003c T P_RemovePrecipMobj
00156374 00000044 T P_RemoveSavegameMobj
001563b8 000003d8 T P_SpawnPrecipitation
00156790 000004cc T P_RespawnSpecials
00156c5c 000002b8 T P_SpawnPlayer
00156f14 000002b8 T P_SpawnStarpostPlayer
001571cc 00001108 T P_SpawnMapThing
001582d4 00001350 T P_SpawnHoopsAndRings
00159624 000000ac T P_CheckMissileSpawn
001596d0 00000140 T P_SpawnXYZMissile
00159810 000001f0 T P_SpawnMissile
00159a00 00002144 T P_MobjThinker
0015bb44 0000020c T P_SPMAngle
0015bd50 000000ac t FindNewPosition
0015bdfc 0000015c T P_SaveGame
0015bf58 00001d44 T P_SaveNetGame
0015dc9c 0000033c T P_LoadGame
0015dfd8 00001db4 T P_LoadNetGame
0015fd8c 00000088 t P_ClearSingleMapHeaderInfo
0015fe14 00000238 t P_LevelInitStuff
0016004c 000003a4 t P_LoadThings
001603f0 00000068 t CorruptMapError
00160458 00000028 T P_ClearMapHeaderInfo
00160480 00000070 T P_InitMapHeaders
001604f0 00000088 T P_PrecacheLevelFlats
00160578 000000f0 T P_AddLevelFlat
00160668 00000218 T P_SpawnSecretItems
00160880 000000dc T P_WriteThings
0016095c 00000050 T P_SetupLevelSky
001609ac 000000a4 T P_RehitStarposts
00160a50 00000074 T P_LoadThingsOnly
00160ac4 0000039c T P_AddWadFile
00160e60 0000007c T P_RunSOC
00160ee0 000028b4 T P_SetupLevel
00163794 000000b4 t P_DivlineSide
00163848 00000320 t P_CrossSubsector
00163b68 000000c0 t P_CrossBSPNode
00163c28 000002b8 T P_CheckSight
00163ee0 000000e4 t P_IsFlagAtBase
00163fc4 00000160 T T_Friction
00164124 00000094 t Add_Scroller
001641b8 000000c4 t Add_Pusher
0016427c 000000d0 t P_AddOldAirbob
0016434c 000000cc T T_LaserFlash
00164418 00000484 t P_AddFakeFloor
0016489c 000004f8 T T_Pusher
00164d94 00000068 t P_AddExecutorDelay
00164dfc 000003b0 T PIT_PushThing
001651ac 00000214 T P_InitPicAnims
001653c0 00000158 T P_SetupLevelFlatAnims
00165518 0000006c T P_FindLowestFloorSurrounding
00165584 0000008c T P_FindHighestFloorSurrounding
00165610 000000e4 T P_FindNextHighestFloor
001656f4 000000e4 T P_FindNextLowestFloor
001657d8 00000088 T P_FindLowestCeilingSurrounding
00165860 00000088 T P_FindHighestCeilingSurrounding
001658e8 000000c0 t P_AddRaiseThinker
001659a8 00000090 T P_FindSectorFromLineTag
00165a38 00000088 t P_AddFakeFloorsByLine
00165ac0 0000007c T P_FindSectorFromTag
00165b3c 00000424 T T_Scroll
00165f60 00000090 T P_FindLineFromLineTag
00165ff0 00000094 T P_FindSpecialLineFromTag
00166084 00000110 T P_ChangeSectorTag
00166194 00000068 T P_FindMinSurroundingLight
001661fc 000003fc T P_SwitchWeather
001665f8 00000b3c T P_ProcessLineSpecial
00167134 0000003c T T_ExecutorDelay
00167170 00000738 T P_LinedefExecute
001678a8 00000098 T P_SetupSignExit
00167940 00001564 t P_ProcessSpecialSector
00168ea4 00000090 T P_ThingOnSpecial3DFloor
00168f34 0000036c T P_PlayerInSpecialSector
001692a0 00000158 T P_UpdateSpecials
001693f8 00001e04 T P_SpawnSpecials
0016b1fc 00000040 T P_GetPushThing
0016b23c 000001c0 T P_MixUp
0016b3fc 000001cc T P_Teleport
0016b5c8 00000014 T P_InitThinkers
0016b5dc 0000001c T P_AddThinker
0016b5f8 0000000c T P_RemoveThinker
0016b604 00000670 T P_Ticker
0016bc74 0000008c t P_FindAxis
0016bd00 0000006c t P_InQuicksand
0016bd6c 00000210 t P_DeNightserizePlayer
0016bf7c 00000168 t P_ShootLine
0016c0e4 0000001c t CV_CamRotate_OnChange
0016c100 0000001c t CV_CamRotate2_OnChange
0016c11c 000000d4 T PIT_NukeEnemies
0016c1f0 000004a0 t P_HomingAttack.part.0
0016c690 0000008c t P_FindAxisTransfer.constprop.0
0016c71c 0000007c T P_Thrust
0016c798 00000fc4 t P_ObjectplaceMovement
0016d75c 00000478 t P_2dMovement
0016dbd4 0000006c T P_InstaThrust
0016dc40 00000f3c t P_3dMovement
0016eb7c 00000054 T P_InstaThrustEvenIn2D
0016ebd0 0000001c T P_ReturnThrustX
0016ebec 00000018 T P_ReturnThrustY
0016ec04 00000188 T P_CalcHeight
0016ed8c 000000c8 T P_PlayerMoving
0016ee54 0000000c T P_ResetScore
0016ee60 000000dc T P_FindLowestMare
0016ef3c 00000124 T P_TransferToNextMare
0016f060 0000017c T P_TransferToAxis
0016f1dc 00000034 T P_ResetPlayer
0016f210 00000068 T P_GivePlayerRings
0016f278 00000020 T P_GivePlayerLives
0016f298 00000158 T P_DoSuperTransformation
0016f3f0 0000014c T P_AddPlayerScore
0016f53c 00000124 T P_RestoreMusic
0016f660 00002c50 t P_NiGHTSMovement
001722b0 00000068 T P_IsLocalPlayer
00172318 00000094 T P_SpawnShieldOrb
001723ac 000001ac T P_DoPlayerExit
00172558 000001bc T P_NightserizePlayer
00172714 0000029c T P_DoJump
001729b0 00000170 T P_RingNearby
00172b20 00000198 T P_LightDash
00172cb8 00000228 T P_LookForRings
00172ee0 00000128 T P_NukeEnemies
00173008 000001e8 T P_LookForEnemies
001731f0 00006a68 t P_MovePlayer
00179c58 00000010 T P_HomingAttack
00179c68 000000ac T P_FindEmerald
00179d14 00000090 T P_ResetCamera
00179da4 00000cf8 T P_MoveChaseCamera
0017aa9c 0000178c T P_PlayerThink
0017c228 0000002c T SlopeDiv
0017c254 00000038 T AngleFixed
0017c28c 00000084 T FixedAngleC
0017c310 0000002c T FixedAngle
0017c33c 0000001c T R_ClearDrawSegs
0017c358 00000044 T R_ClearClipSegs
0017c39c 00000684 T R_FakeFlat
0017ca20 000002e0 T R_Prep3DFloors
0017cd00 00000b20 t R_Subsector.part.0
0017d820 00000080 T R_GetPlaneLight
0017d8a0 00000248 T R_RenderBSPNode
0017dae8 00000284 t R_GenerateTexture
0017dd6c 0000006c T R_GetColumn
0017ddd8 00000008 T R_GetFlat
0017dde0 00000458 T R_LoadTextures
0017e238 00000058 T R_GetFlatNumForName
0017e290 0000004c T R_ClearColormaps
0017e2e0 0000016c T R_ColormapNumForName
0017e450 00000870 T R_CreateColormap
0017ecc0 00000b14 T R_CreateColormap2
0017f7d4 0000005c T R_MakeColormaps
0017f830 000004a8 T R_InitData
0017fcd8 00000104 T R_CheckTextureNumForName
0017fddc 0000002c T R_TextureNumForName
0017fe08 00000320 T R_PrecacheLevel
00180128 00000034 T R_LoadSkinTable
0018015c 000003e4 T R_InitTranslationTables
00180540 00000384 T R_InitSkinTranslationTables
001808c4 00000110 T R_InitViewBuffer
001809d4 00000090 T R_InitViewBorder
00180a64 00000388 T R_FillBackScreen
00180dec 00000020 T R_VideoErase
00180e0c 000000e0 T R_DrawViewBorder
00180eec 000001cc T R_DrawColumn_8
001810b8 000001cc T R_DrawSkyColumn_8
00181284 000000dc T R_DrawShadeColumn_8
00181360 000001fc T R_DrawTranslucentColumn_8
0018155c 00000288 T R_DrawTranslatedTranslucentColumn_8
001817e4 000000e4 T R_DrawTranslatedColumn_8
001818c8 00000104 T R_DrawSpan_8
001819cc 0000011c T R_DrawTranslucentSpan_8
00181ae8 000000f8 T R_DrawFogSpan_8
00181be0 00000084 T R_DrawFogColumn_8
00181c64 00000140 T R_DrawColumnShadowed_8
00181da4 000000d0 T R_DrawColumn_16
00181e74 000000d0 T R_DrawSkyColumn_16
00181f44 000000f4 T R_DrawTranslucentColumn_16
00182038 000000e0 T R_DrawTranslatedColumn_16
00182118 000000d8 T R_DrawSpan_16
001821f0 00000040 T R_SetViewSize
00182230 00000064 t Homing_OnChange
00182294 00000064 t LightDash_OnChange
001822f8 00000044 t Shadow_OnChange
0018233c 00000084 t TimeAttacked_OnChange
001823c0 000000c4 T R_PointOnSide
00182484 000000cc T R_PointOnSegSide
00182550 0000013c T R_PointToAngle2
0018268c 00000158 T R_PointToAngle
001827e4 000000c0 T R_PointToDist2
001828a4 000000d8 T R_PointToDist
0018297c 000000c8 T R_ScaleFromGlobalAngle
00182a44 000006b8 T R_ExecuteSetViewSize
001830fc 00000134 t SplitScreen_OnChange
00183230 0000016c T R_Init
0018339c 00000148 T R_PointInSubsector
001834e4 00000244 T R_IsPointInSubsector
00183728 00000558 T R_SetupFrame
00183c80 00000060 T R_RenderPlayerView
00183ce0 00000184 T R_RegisterEngineStuff
00183e64 00000004 T R_InitPlanes
00183e68 00000210 T R_MapPlane
00184078 000002e4 T R_ClearPlanes
0018435c 00000234 T R_FindPlane
00184590 000001cc T R_CheckPlane
0018475c 00000024 T R_ExpandPlane
00184780 00000170 T R_MakeSpans
001848f0 000004fc T R_DrawPlanes
00184dec 000004a8 T R_DrawSinglePlane
00185294 00000074 T R_PlaneBounds
00185308 00000140 t R_Render2sidedMultiPatchColumn
00185448 00000958 t R_RenderSegLoop
00185da0 000009bc T R_RenderMaskedSegRange
0018675c 00000d2c T R_RenderThickSideRange
00187488 000021d0 T R_StoreWallRange
00189658 000000dc T R_SetupSkyDraw
00189734 00000054 T R_SetSkyScale
00189788 00000020 T R_ClearLevelSplats
001897a8 00000218 t R_InstallSpriteLump
001899c0 00000374 t R_AddSingleSpriteDef
00189d34 0000022c t Sk_SetDefaultValue
00189f60 00000348 t R_ProjectPrecipitationSprite
0018a2a8 000001e0 t SetSkinValues
0018a488 0000039c t SetPlayerSkinByNum.part.0
0018a824 0000085c t R_ProjectSprite
0018b080 000001a0 T R_AddSpriteDefs
0018b220 00000018 T R_ClearSprites
0018b238 0000025c T R_DrawMaskedColumn
0018b494 00000510 t R_DrawPrecipitationSprite
0018b9a4 00000b30 t R_DrawSprite
0018c4d4 00000334 T R_AddSprites
0018c808 000000f4 T R_SortVisSprites
0018c8fc 00000024 T R_InitDrawNodes
0018c920 00000820 T R_DrawMasked
0018d140 00000064 T R_SkinAvailable
0018d1a4 000000a4 T SetPlayerSkin
0018d248 0000007c T SetPlayerSkinByNum
0018d2c4 00000104 T SetSavedSkin
0018d3c8 00001164 T R_AddSkins
0018e52c 00000140 T R_InitSprites
0018e66c 00000004 T SCR_ChangeFullscreen
0018e670 000001dc T SCR_SetMode
0018e84c 000000d8 T SCR_Startup
0018e924 000000f0 T SCR_Recalc
0018ea14 00000114 T SCR_CheckDefaultMode
0018eb28 00000044 T SCR_SetDefaultMode
0018eb6c 000000e4 t LoadPalette
0018ec50 00000054 t CV_usegamma_OnChange
0018eca4 00000084 T V_SetPalette
0018ed28 00000030 T V_SetPaletteLump
0018ed58 00000068 T VID_BlitLinearScreen
0018edc0 00000348 T V_DrawSmallScaledPatch
0018f108 00000378 T V_DrawSmallMappedPatch
0018f480 000000dc T V_DrawPatch
0018f55c 00000074 T V_DrawBlock
0018f5d0 00000184 T V_DrawFill
0018f754 000002f4 T V_DrawMappedPatch
0018fa48 00000378 T V_DrawScaledPatch
0018fdc0 00000318 T V_DrawTranslucentPatch
001900d8 000002a4 T V_DrawFlatFill
0019037c 00000598 T V_DrawPatchFill
00190914 000000c0 T V_DrawFadeScreen
001909d4 0000021c T V_DrawFadeConsBack
00190bf0 00000124 T V_DrawCharacter
00190d14 00000250 T V_DrawString
00190f64 000000d0 T V_DrawCenteredString
00191034 000000d8 T V_DrawRightAlignedString
0019110c 000000f8 T V_DrawCreditString
00191204 00000070 T V_CreditStringWidth
00191274 0000010c T V_DrawLevelTitle
00191380 00000090 T V_LevelNameWidth
00191410 000000a8 T V_LevelNameHeight
001914b8 000000a0 T V_StringWidth
00191558 00000098 T V_Init
001915f0 000000b8 t S_StopChannel
001916a8 000000f8 t SetChannelsNum
001917a0 00000060 T S_RegisterSoundStuff
00191800 000001c4 T S_Init
001919c4 0000006c T S_GetSfxLumpNum
00191a30 00000058 T S_StopSounds
00191a88 00000060 T S_StopSound
00191ae8 0000006c T S_PauseSound
00191b54 00000070 T S_ResumeSound
00191bc4 00000098 T S_StopMusic
00191c5c 00000258 T S_ChangeMusic
00191eb4 00000048 T S_Start
00191efc 0000002c T S_ClearSfx
00191f28 00000410 T S_AdjustSoundParams
00192338 000004dc T S_StartSoundAtVolume
00192814 00000094 T S_StartSound
001928a8 00000314 T S_UpdateSounds
00192bbc 000000e0 T S_SoundPlaying
00192c9c 000000d4 T S_InitRuntimeSounds
00192d70 000000fc T S_AddSoundFx
00192e6c 00000aac t md5_process_block
00193918 000001b4 T md5_stream
00193acc 000000b4 T W_MakeFileMD5
00193b80 00000048 T W_CheckNameForNumPwad
00193bc8 00000038 T W_CheckNameForNum
00193c00 00000154 T W_CheckNumForName
00193d54 00000094 T W_CheckNumForNamePwad
00193de8 00000440 T W_LoadWadFile
00194228 00000064 T W_InitMultipleFiles
0019428c 00000024 T W_GetNumForName
001942b0 00000024 T W_LumpLength
001942d4 00000204 T W_ReadLumpHeader
001944d8 00000008 T W_ReadLump
001944e0 00000078 T W_CacheLumpNum
00194558 0000003c T W_CacheLumpName
00194594 00000044 T W_CachePatchName
001945d8 00000150 T W_VerifyFileMD5
00194728 00000280 T W_VerifyFile
001949a8 00000048 T W_VerifyNMUSlumps
001949f0 0000027c T filesearch
00194c6c 00000004 t InternetServer_OnChange
00194c70 0000007c t MS_Read
00194cec 000001b0 t MS_Connect
00194e9c 00000004 t MasterServer_OnChange
00194ea0 00000004 t ServerName_OnChange
00194ea4 000000b4 t GetServersList
00194f58 00000110 t RemoveFromMasterSever
00195068 00000290 t AddToMasterServer.isra.0
001952f8 00000040 T AddMServCommands
00195338 00000098 T GetMasterServerIP
001953d0 000000e8 t Command_Listserv_f
001954b8 00000164 T GetShortServersList
0019561c 00000144 T RegisterServer
00195760 00000110 T UnregisterServer
00195870 000000d0 T SendPingToMasterServer
00195940 00000028 t UDP_cmpaddr
00195968 00000014 t SOCK_ClearBans
0019597c 00000058 t SOCK_CloseSocket
001959d4 0000004c t SOCK_Ban
00195a20 00000168 t SOCK_Send
00195b88 0000018c t SOCK_NetMakeNode
00195d14 000000e4 t SOCK_FreeNodenum
00195df8 00000074 T I_ShutdownTcpDriver
00195e6c 000003f8 t SOCK_OpenSocket
00196264 00000320 t SOCK_Get
00196584 00000048 T I_InitTcpDriver
001965cc 0000023c T I_InitTcpNetwork
00196808 00000040 t hasdata
00196848 00000144 t setworkdir
0019698c 000001e4 T main
00196b70 00000024 T I_InitNetwork
00196b94 000000ec t apthook
00196c80 00000104 t I_ShutdownSystem.part.0
00196d84 000000b0 T I_3DSEnsureNetworkReady
00196e34 00000090 T I_OutputMsg
00196ec4 00000030 T I_AddExitFunc
00196ef8 000000f8 T I_StartupSystem
00196ff0 0000002c T I_ShutdownSystem
0019701c 0000006c T I_Quit
00197088 00000050 T I_3DSPollLifecycle
001970d8 000000d4 T I_Error
001971ac 00000054 T I_GetTime
00197200 00000018 T I_StartupTimer
00197218 0000007c T I_Sleep
00197294 00000004 T I_OsPolling
00197298 00000004 T I_StartupMouse
0019729c 00000004 T I_StartupMouse2
001972a0 00000014 T I_StartupKeyboard
001972b4 00000004 T I_Tactile
001972b8 00000004 T I_Tactile2
001972bc 00000014 T I_InitJoystick
001972d0 00000014 T I_InitJoystick2
001972e4 00000008 T I_NumJoys
001972ec 00000018 T I_GetJoyName
00197304 0000006c T I_GetKey
00197370 00000018 T I_BaseTiccmd
00197388 00000018 T I_BaseTiccmd2
001973a0 00000040 T I_GetFreeMem
001973e0 00000058 T I_GetDiskFreeSpace
00197438 0000000c T I_GetUserName
00197444 00000024 T I_mkdir
00197468 00000048 T I_FileSize
001974b0 00000004 T I_GetEnv
001974b4 0000006c t oggseek
00197520 00000008 t oggclose
00197528 00000014 t oggtell
00197540 000000dc t resetmusic
0019761c 00000080 t musicvolume
0019769c 00000168 t setchannel
00197804 000001a4 t filloggbuffer
001979a8 000000e8 t closeogg
00197a90 0000019c t unloaddig
00197c2c 000000f8 t addevent
00197d28 00000090 t updatevoicegain.part.0
00197db8 00000040 t compareevents
00197df8 000001c8 t noteon.part.0
00197fc0 000000a4 t oggread
00198064 000000a8 t updatechannelvoices
0019810c 00000be4 t queuemusic
00198cf0 00000160 T I_GetSfx
00198e50 0000008c T I_FreeSfx
00198edc 00000098 T I_StartupSound
00198f74 00000100 T I_3DSAudioSuspend
00199074 00000024 T I_3DSAudioSleep
00199098 00000114 T I_3DSAudioResume
001991ac 000001f8 T I_StartSound
001993a4 00000048 T I_StopSound
001993ec 00000058 T I_SoundIsPlaying
00199444 00000058 T I_UpdateSoundParams
0019949c 00000070 T I_SetSfxVolume
0019950c 000001f8 T I_UpdateMusic
00199708 00000234 T I_InitMusic
0019993c 00000110 T I_ShutdownMusic
00199a4c 00000064 T I_ShutdownSound
00199ab0 00000014 T I_SetMIDIMusicVolume
00199ac4 00000040 T I_InitMIDIMusic
00199b04 0000009c T I_PauseSong
00199ba0 00000094 T I_ResumeSong
00199c34 00000740 T I_RegisterSong
0019a374 0000010c T I_PlaySong
0019a480 00000084 T I_StopSong
0019a504 00000118 T I_UnRegisterSong
0019a61c 00000060 T I_InitDigMusic
0019a67c 00000838 T I_StartDigSong
0019aeb4 0000002c T I_StopDigSong
0019aee0 00000074 T I_SetDigMusicVolume
0019af54 00000014 T I_InitCD
0019af68 00000004 T I_StopCD
0019af6c 00000004 T I_ResumeCD
0019af70 00000014 T I_ShutdownCD
0019af84 00000004 T I_UpdateCD
0019af88 00000004 T I_PlayCD
0019af8c 00000024 t Stretch_OnChange
0019afb0 00000b04 T I_GetEvent
0019bab4 00000004 T I_UpdateNoBlit
0019bab8 00000194 T I_FinishUpdate
0019bc4c 0000003c T I_ReadScreen
0019bc88 0000004c T I_SetPalette
0019bcd4 00000008 T VID_NumModes
0019bcdc 00000018 T VID_GetModeName
0019bcf4 00000008 T VID_GetModeForSize
0019bcfc 000000fc T VID_SetMode
0019bdf8 00000024 T I_3DSVideoOnResume
0019be1c 00000064 T I_StartupGraphics
0019be80 0000004c T I_ShutdownGraphics
0019becc 00000048 T strupr
0019bf14 00000048 T strlwr
0019bf5c 00000124 t _get_next_page
0019c080 00000104 t _initial_pcmoffset
0019c184 00000080 t _seek_helper
0019c204 00000098 t _make_decode_ready
0019c29c 00000208 t _get_prev_page_serial
0019c4a4 00000354 t _fetch_headers
0019c7f8 00000538 t _bisect_forward_serialno
0019cd30 0000036c t _fetch_and_process_packet.constprop.10
0019d09c 000000f4 T ov_clear
0019d190 00000214 t _ov_open1
0019d3a4 0000004c T ov_pcm_total
0019d3f0 00000058 t ov_pcm_total.part.3
0019d448 0000049c T ov_raw_seek
0019d8e4 000001ac t _open_seekable2
0019da90 000000a0 T ov_open_callbacks
0019db30 00000b08 T ov_pcm_seek_page
0019e638 00000390 T ov_pcm_seek
0019e9c8 00000058 T ov_info
0019ea20 0000017c T ov_read
0019eb9c 00000024 T vorbis_block_init
0019ebc0 00000074 T _vorbis_block_alloc
0019ec34 00000078 T _vorbis_block_ripcord
0019ecac 00000034 T vorbis_block_clear
0019ece0 00000078 T vorbis_synthesis_restart
0019ed58 00000124 T vorbis_dsp_clear
0019ee7c 000002cc T vorbis_synthesis_init
0019f148 00000650 T vorbis_synthesis_blockin
0019f798 00000074 T vorbis_synthesis_pcmout
0019f80c 00000030 T vorbis_synthesis_read
0019f83c 000000b8 T _vorbis_window
0019f8f4 00000164 T _vorbis_apply_window
0019fa58 000001c4 t _vorbis_synthesis1
0019fc1c 00000008 T vorbis_synthesis
0019fc24 00000008 T vorbis_synthesis_trackonly
0019fc2c 00000088 T vorbis_packet_blocksize
0019fcb4 00000018 T vorbis_comment_init
0019fccc 0000008c T vorbis_comment_clear
0019fd58 00000014 T vorbis_info_blocksize
0019fd6c 00000040 T vorbis_info_init
0019fdac 000001a8 T vorbis_info_clear
0019ff54 000000b0 T vorbis_synthesis_idheader
001a0004 000006b0 T vorbis_synthesis_headerin
001a06b4 000003d0 T vorbis_staticbook_unpack
001a0a84 000001b0 T vorbis_book_decode
001a0c34 00000550 T vorbis_book_decodevs_add
001a1184 00000448 T vorbis_book_decodev_add
001a15cc 00000460 T vorbis_book_decodev_set
001a1a2c 00000424 T vorbis_book_decodevv_add
001a1e50 0000005c t bitreverse
001a1eac 0000002c t sort32a
001a1ed8 00000024 T _ilog
001a1efc 00000284 T _make_words
001a2180 000000ac T _book_maptype1_quantvals
001a222c 00000728 t _book_unquantize.part.1
001a2954 00000034 T vorbis_staticbook_destroy
001a2988 0000006c T vorbis_book_clear
001a29f4 000004d0 T vorbis_book_init_decode
001a2ec4 00000018 t icomp
001a2edc 00000240 t floor1_inverse2
001a311c 00000324 t floor1_inverse1
001a3440 0000000c t floor1_free_look
001a344c 0000000c t floor1_free_info
001a3458 00000208 t floor1_look
001a3660 0000031c t floor1_unpack
001a397c 00000154 t floor0_inverse1
001a3ad0 0000000c t floor0_free_info
001a3adc 0000011c t floor0_unpack
001a3bf8 00000038 t floor0_free_look
001a3c30 00000244 t floor0_look
001a3e74 000003e0 T vorbis_lsp_to_curve
001a4254 0000006c t floor0_inverse2
001a42c0 0000000c T res0_free_info
001a42cc 00000218 T res0_unpack
001a44e4 000002a8 T res0_look
001a478c 000002bc t _01inverse
001a4a48 00000068 T res0_inverse
001a4ab0 00000068 T res1_inverse
001a4b18 00000254 T res2_inverse
001a4d6c 0000008c T res0_free_look
001a4df8 000004a8 t mapping0_inverse
001a52a0 0000000c t mapping0_free_info
001a52ac 00000140 t mapping0_look
001a53ec 00000260 t mapping0_unpack
001a564c 00000090 t mapping0_free_look
001a56dc 00001a00 T mdct_backward
001a70dc 000000f0 t _os_update_crc
001a71cc 0000012c t _packetout
001a72f8 00000010 T ogg_page_continued
001a7308 00000010 T ogg_page_bos
001a7318 00000010 T ogg_page_eos
001a7328 00000010 T ogg_page_granulepos
001a7338 0000000c T ogg_page_serialno
001a7344 00000054 T ogg_stream_clear
001a7398 00000090 T ogg_stream_init
001a7428 00000088 t _os_body_expand
001a74b0 0000008c t _os_lacing_expand
001a753c 00000088 T ogg_page_checksum_set
001a75c4 00000030 T ogg_sync_init
001a75f4 0000005c T ogg_sync_clear
001a7650 00000130 T ogg_sync_buffer
001a7780 00000034 T ogg_sync_wrote
001a77b4 00000210 T ogg_sync_pageseek
001a79c4 00000380 T ogg_stream_pagein
001a7d44 00000030 T ogg_sync_reset
001a7d78 00000060 T ogg_stream_reset
001a7dd8 00000068 T ogg_stream_reset_serialno
001a7e40 00000024 T ogg_stream_packetout
001a7e64 00000024 T ogg_stream_packetpeek
001a7e88 0000001c T oggpack_readinit
001a7ea4 000000d0 T oggpack_look
001a7f74 00000058 T oggpack_adv
001a7fcc 00000100 T oggpack_read
001a80cc 00000014 T oggpack_bytes
001a80e0 00000024 t addrMapNodeComparator(rbtree_node const*, rbtree_node const*)
001a8104 00000004 t addrMapNodeDestructor(rbtree_node*)
001a8108 0000012c T linearMemAlign
001a8234 00000008 T linearAlloc
001a823c 0000005c T linearFree
001a8298 00000088 T MemPool::CoalesceRight(MemBlock*)
001a8320 00000178 T MemPool::Allocate(MemChunk&, unsigned long, int)
001a8498 00000118 T MemPool::Deallocate(MemChunk const&)
001a85b0 00000030 T MemPool::GetFreeSpace()
001a85e0 000001c8 T consoleDrawChar
001a87a8 00000170 T consolePrintChar
001a8918 00000cc8 T con_write
001a95e0 000000fc t newRow
001a96dc 00000180 T consoleInit
001a985c 000000b8 T consoleClear
001a9914 000000cc t gfxPresentFramebuffer
001a99e0 00000010 T gfxSet3D
001a99f0 0000001c T gfxIsWide
001a9a0c 000000f8 T gfxSetScreenFormat
001a9b04 00000010 T gfxSetDoubleBuffering
001a9b14 000000d8 T gfxInit
001a9bec 00000010 T gfxInitDefault
001a9bfc 000000b8 T gfxExit
001a9cb4 000000a0 T gfxGetFramebuffer
001a9d54 00000100 T gfxFlushBuffers
001a9e54 00000028 T gfxScreenSwapBuffers
001a9e7c 00000050 T gfxSwapBuffersGpu
001a9ecc 00000074 T osConvertVirtToPhys
001a9f40 00000054 T osGetTimeRef
001a9f94 000000ec T osGetTime
001aa080 00000034 T __ctru_speedup_config
001aa0b4 00000158 t ndspUpdateMaster
001aa210 00000108 t ndspFinalize
001aa318 0000025c t ndspInitialize.part.0
001aa574 00000108 t ndspHookCallback
001aa680 00000318 t ndspThreadMain
001aa998 000003f0 T ndspInit
001aad88 000000d8 T ndspExit
001aae60 0000003c T ndspSetMasterVol
001aae9c 00000034 T ndspSetOutputMode
001aaed0 000000e0 T ndspChnReset
001aafb0 00000018 T ndspChnSetFormat
001aafc8 00000050 T ndspChnSetPaused
001ab018 00000050 T ndspChnSetInterp
001ab068 00000060 T ndspChnSetRate
001ab0c8 00000080 T ndspChnSetMix
001ab148 000000b0 T ndspChnWaveBufClear
001ab1f8 000000c8 T ndspChnWaveBufAdd
001ab2c0 00000040 T ndspiInitChn
001ab300 0000002c T ndspiDirtyChn
001ab32c 0000043c T ndspiUpdateChn
001ab768 00000180 T ndspiReadChnState
001ab8e8 00000180 t aptConvertScreenForCapture
001aba68 00000138 T aptSendCommand
001abba0 00000044 t aptExitProcess
001abbe4 00000394 T aptExit
001abf78 000000d8 T aptHandleSleep
001ac050 00000034 T aptHook
001ac084 00000030 T aptUnhook
001ac0b4 0000001c T aptSetMessageCallback
001ac0d0 00000084 T APT_SleepIfShellClosed
001ac154 00000078 T aptSetSleepAllowed
001ac1cc 00000084 T APT_UnlockTransition
001ac250 00000470 t aptEventHandler
001ac6c0 000000bc T APT_ReceiveParameter
001ac77c 000000b0 t aptReceiveParameter.constprop.0
001ac830 00000294 t aptScreenTransfer
001acac4 000002d0 t aptWaitForWakeUp.isra.0
001acd94 00000114 T aptLaunchLibraryApplet
001acea8 000000f4 T aptJumpToHomeMenu
001acf9c 00000058 T aptMainLoop
001acff4 00000240 T aptInit
001ad234 0000005c T APT_SendParameter
001ad290 00000090 T APT_CheckNew3DS
001ad320 000000a8 T cfguInit
001ad3c8 0000003c T cfguExit
001ad404 0000004c T CFGU_GetConfigInfoBlk2
001ad450 000000a4 t DSP_LoadComponent.part.0
001ad4f4 000000fc T dspInit
001ad5f0 0000008c T dspExit
001ad67c 00000024 T dspHook
001ad6a0 00000030 T dspUnhook
001ad6d0 000000b4 T aptDspSleep
001ad784 000000b4 T aptDspWakeup
001ad838 00000044 T aptDspCancel
001ad87c 00000050 T DSP_FlushDataCache
001ad8cc 00000034 T DSP_SetSemaphore
001ad900 00000034 T DSP_SetSemaphoreMask
001ad934 00000038 T DSP_GetSemaphoreHandle
001ad96c 0000003c T DSP_LoadComponent
001ad9a8 00000044 T DSP_RegisterInterruptEvents
001ad9ec 00000078 T DSP_ReadPipeIfPossible
001ada64 0000004c T DSP_WriteProcessPipe
001adab0 00000044 T DSP_ConvertProcessAddressFromDspDram
001adaf4 00000044 T DSP_RecvData
001adb38 00000050 T DSP_RecvDataIsReady
001adb88 00000104 T fsInit
001adc8c 0000003c T fsExit
001adcc8 00000068 T fsExemptFromSession
001add30 00000050 T fsUnexemptFromSession
001add80 000000cc T FSUSER_OpenFile
001ade4c 000000cc T FSUSER_OpenFileDirectly
001adf18 000000b8 T FSUSER_DeleteFile
001adfd0 000000f4 T FSUSER_RenameFile
001ae0c4 000000b8 T FSUSER_DeleteDirectory
001ae17c 000000d0 T FSUSER_CreateFile
001ae24c 000000c0 T FSUSER_CreateDirectory
001ae30c 000000f4 T FSUSER_RenameDirectory
001ae400 000000b4 T FSUSER_OpenDirectory
001ae4b4 00000090 T FSUSER_OpenArchive
001ae544 0000008c T FSUSER_CloseArchive
001ae5d0 00000074 T FSUSER_GetSdmcArchiveResource
001ae644 00000064 T FSUSER_IsSdmcWritable
001ae6a8 00000064 T FSFILE_Read
001ae70c 0000006c T FSFILE_Write
001ae778 00000044 T FSFILE_GetSize
001ae7bc 00000028 T FSFILE_SetSize
001ae7e4 0000003c T FSFILE_Close
001ae820 00000024 T FSFILE_Flush
001ae844 00000060 T FSDIR_Read
001ae8a4 0000003c T FSDIR_Close
001ae8e0 00000c70 t gspHardwareInit
001af550 00000288 T gspInit
001af7d8 00000104 T gspExit
001af8dc 00000010 T gspHasGpuRight
001af8ec 000000a4 T gspPresentBuffer
001af990 00000050 T gspWaitForEvent
001af9e0 00000004 W gxCmdQueueInterrupt
001af9e4 00000154 t gspEventThreadMain
001afb38 00000050 T GSPGPU_FlushDataCache
001afb88 00000034 T GSPGPU_SetLcdForceBlack
001afbbc 00000084 T GSPGPU_AcquireRight
001afc40 00000064 T GSPGPU_ReleaseRight
001afca4 0000007c T GSPGPU_ImportDisplayCaptureInfo
001afd20 0000002c T GSPGPU_SaveVramSysArea
001afd4c 0000002c T GSPGPU_RestoreVramSysArea
001afd78 00000024 W hidShouldUseIrrst
001afd9c 000001cc T hidInit
001aff68 000000e8 T hidExit
001b0050 000002a0 T hidScanInput
001b02f0 00000010 T hidKeysHeld
001b0300 00000010 T hidKeysDown
001b0310 00000018 T hidCircleRead
001b0328 000001a4 T irrstInit
001b04cc 000000dc T irrstExit
001b05a8 000000b4 T irrstScanInput
001b065c 00000024 T irrstKeysHeld
001b0680 00000078 T ptmSysmInit
001b06f8 0000003c T ptmSysmExit
001b0734 00000034 T PTMSYSM_ConfigureNew3DSCPU
001b0768 00000174 T bind
001b08dc 0000003c T _net_convert_error
001b0918 00000174 T connect
001b0a8c 00000154 T gethostbyname
001b0be0 00000138 T getsockopt
001b0d18 00000024 T inet_addr
001b0d3c 000001a8 T inet_aton
001b0ee4 000000e8 T inet_ntoa
001b0fcc 00000034 t soc_read
001b1000 00000034 t soc_write
001b1034 000000b0 t soc_close
001b10e4 00000190 T socInit
001b1274 00000088 T socExit
001b12fc 000000f8 T ioctl
001b13f4 00000020 T recv
001b1414 00000148 T socuipc_cmd7
001b155c 00000168 T socuipc_cmd8
001b16c4 00000010 T soc_recvfrom
001b16d4 000000a4 T recvfrom
001b1778 000008cc T select
001b2044 00000020 T send
001b2064 0000015c T socuipc_cmd9
001b21c0 00000160 T socuipc_cmda
001b2320 00000010 T soc_sendto
001b2330 000000a4 T sendto
001b23d4 00000120 T setsockopt
001b24f4 0000016c T socket
001b2660 00000190 t swkbdMessageCallback
001b27f0 00000084 T swkbdInit
001b2874 00000064 T swkbdSetHintText
001b28d8 00000088 T swkbdSetButton
001b2960 00000008 T swkbdSetInitialText
001b2968 000003a8 T swkbdInputText
001b2d10 00000074 T rbtree_find
001b2d84 00000010 T rbtree_init
001b2d94 00000198 t do_insert
001b2f2c 00000008 T rbtree_insert
001b2f34 00000310 T rbtree_remove
001b3244 00000090 T rbtree_rotate
001b32d4 000000e8 T utf16_to_utf8
001b33bc 000000c0 T utf8_to_utf16
001b3480 000001e8 W __system_allocateHeaps
001b3668 00000038 W __libctru_init
001b36a0 0000016c W __system_initArgv
001b380c 00000030 T __syscall_getreent
001b383c 00000064 T __syscall_gettod_r
001b38a0 00000030 T __syscall_nanosleep
001b38d0 00000004 T __syscall_lock_acquire
001b38d4 00000004 T __syscall_lock_release
001b38d8 00000004 T __syscall_lock_acquire_recursive
001b38dc 00000004 T __syscall_lock_release_recursive
001b38e0 00000004 T __syscall_exit
001b38e4 00000054 T initThreadVars
001b3938 00000080 T __system_initSyscalls
001b39b8 T svcControlMemory
001b39d8 T svcQueryMemory
001b3a08 T svcExitProcess
001b3a10 T svcCreateThread
001b3a30 T svcExitThread
001b3a38 T svcSleepThread
001b3a40 T svcReleaseMutex
001b3a48 T svcCreateEvent
001b3a5c T svcSignalEvent
001b3a64 T svcClearEvent
001b3a6c T svcCreateMemoryBlock
001b3a84 T svcMapMemoryBlock
001b3a8c T svcUnmapMemoryBlock
001b3a94 T svcCreateAddressArbiter
001b3aa8 T svcArbitrateAddressNoTimeout
001b3ab0 T svcCloseHandle
001b3ab8 T svcWaitSynchronization
001b3ac0 T svcWaitSynchronizationN
001b3ae8 T svcDuplicateHandle
001b3afc T svcGetSystemTick
001b3b04 T svcConnectToPort
001b3b18 T svcSendSyncRequest
001b3b20 T svcGetResourceLimit
001b3b34 T svcGetResourceLimitLimitValues
001b3b3c T svcGetResourceLimitCurrentValues
001b3b44 T svcBreak
001b3b4c W initSystem
001b3b9c W __ctru_exit
001b3bb0 00000024 t addrMapNodeComparator(rbtree_node const*, rbtree_node const*)
001b3bd4 00000004 t addrMapNodeDestructor(rbtree_node*)
001b3bd8 00000248 T vramMemAlignAt
001b3e20 0000000c T vramAlloc
001b3e2c 00000094 T vramFree
001b3ec0 0000008c W envGetHandle
001b3f4c 00000050 W envDestroyHandles
001b3f9c 00000164 T srvInit
001b4100 00000064 T srvExit
001b4164 00000060 T srvEnableNotification
001b41c4 000000a0 T srvGetServiceHandleDirect
001b4264 00000048 T srvGetServiceHandle
001b42ac 00000034 T srvSubscribe
001b42e0 00000060 T srvReceiveNotification
001b4340 00000038 T srvPublishToSubscriber
001b4378 0000000c T __sync_init
001b4384 00000018 T __sync_fini
001b439c 00000028 T syncArbitrateAddress
001b43c4 0000001c T LightLock_Init
001b43e0 000000ac T LightLock_Lock
001b448c 00000040 T LightLock_Unlock
001b44cc 00000054 T RecursiveLock_Lock
001b4520 00000054 T RecursiveLock_Unlock
001b4574 00000044 T LightEvent_Init
001b45b8 000000b8 T LightEvent_Clear
001b4670 000000dc T LightEvent_Signal
001b474c 00000050 T LightEvent_TryWait
001b479c 000000ac T LightEvent_Wait
001b4848 000001fc T threadCreate
001b4a44 00000038 T threadFree
001b4a7c 00000024 T threadJoin
001b4aa0 00000030 T threadGetCurrent
001b4ad0 00000040 T threadExit
001b4b10 00000020 t _thread_begin
001b4b30 00000090 t mappableFindAddressWithin
001b4bc0 00000028 T mappableInit
001b4be8 0000007c T mappableAlloc
001b4c64 00000004 T mappableFree
001b4c68 0000000c T srvPmGetSessionHandle
001b4c74 0000015c T fcntl
001b4dd0 00000248 T poll
001b5018 00000060 T rbtree_node_next
001b5078 00000054 T decode_utf16
001b50cc 00000140 T decode_utf8
001b520c 00000054 T encode_utf16
001b5260 000000e0 T encode_utf8
001b5340 00000030 W __appExit
001b5370 00000030 W __appInit
001b53a0 00000090 W __libctru_exit
001b5430 00000024 t error_cmp
001b5454 00000050 t archive_translate_error
001b54a4 000000c0 t archive_seek
001b5564 00000078 t _archiveInit.part.0
001b55dc 00000110 t archiveFindDevice.part.0
001b56ec 00000298 t archive_utf16path
001b5984 00000098 t _archiveUnmountDeviceStruct.part.0
001b5a1c 00000178 t _archiveMountDevice
001b5b94 000000f8 t archive_diropen
001b5c8c 000000ac t archive_fstat
001b5d38 00000074 t archive_fsync
001b5dac 00000074 t archive_close
001b5e20 00000078 t archive_dirclose
001b5e98 000000ec t sdmc_statvfs
001b5f84 000000f8 t archive_chdir
001b607c 0000008c t archive_ftruncate
001b6108 000000bc t archive_read
001b61c4 000000a8 t archive_unlink
001b626c 000000c0 t archive_rmdir
001b632c 000000d8 t archive_mkdir
001b6404 000001a0 t archive_stat
001b65a4 00000164 t archive_dirnext
001b6708 0000013c t archive_write
001b6848 00000254 t archive_open
001b6a9c 00000270 t archive_rename
001b6d0c 000001c8 T archiveMountSdmc
001b6ed4 00000054 T archiveUnmountAll
001b6f28 T __aeabi_read_tp
001b6f38 00000740 T pow
001b7678 00000058 T sqrt
001b76d0 00000008 T __ieee754_sqrt
001b76d8 00000024 t with_errno
001b76fc 00000028 t xflow
001b7728 00000010 T __math_uflow
001b7738 00000010 T __math_oflow
001b7748 00000048 T __math_divzero
001b7790 0000001c T __math_invalid
001b77ac 00000014 T __math_check_uflow
001b77c0 00000028 T __math_check_oflow
001b77e8 0000002c T __aeabi_d2lz
001b77e8 0000002c T __fixdfdi
001b7818 00000040 T __aeabi_d2ulz
001b7818 00000040 T __fixunsdfdi
001b7858 00000130 T __udivmoddi4
001b7988 000000e4 T strncat
001b7a6c 00000034 T ftell
001b7aa0 000000bc T strcat
001b7b5c 00000028 T fstat
001b7b84 0000001c T srand
001b7ba0 00000044 T rand
001b7be4 00000024 T getenv
001b7c08 00000130 t critical_factorization
001b7d38 0000033c t two_way_long_needle
001b8074 00000238 T strstr
001b82ac 00000128 T memcpy
001b83d4 0000000c T atol
001b83e0 00000014 T setbuf
001b83f4 0000008c T strlen
001b8480 00000334 T _fread_r
001b87b4 00000038 T fread
001b87ec 00000078 T bsearch
001b8864 000000b8 T fputc
001b891c 00000040 T open
001b895c 00000134 T _fopen_r
001b8a90 00000028 T fopen
001b8ab8 00000008 T atof
001b8ac0 00000060 t sulp
001b8b20 00001428 T _strtod_l
001b9f48 00000048 T strtod
001b9f90 00000020 T close
001b9fb0 00000028 T memalign
001b9fd8 00000068 T strcasecmp
001ba040 000000f4 t rshift
001ba134 000008b4 T __gethex
001ba9e8 000000a0 T snprintf
001baa88 00000034 T printf
001baabc 000001ec t _strtoul_l.isra.0
001baca8 00000038 T _strtoul_r
001bace0 0000003c T strtoul
001bad1c 00000058 T remove
001bad74 00000094 T strncasecmp
001bae08 00000140 T strchr
001baf48 000000d8 T memcmp
001bb020 00000028 T calloc
001bb048 00000048 T access
001bb090 00000410 T _strerror_r
001bb4a0 00000028 T strerror
001bb4c8 0000016c T _memalign_r
001bb634 0000000c T __errno
001bb640 00000164 T __smakebuf_r
001bb7a4 00000090 T __swhatbuf_r
001bb834 00000030 T lseek
001bb864 000000f0 T strcpy
001bb954 00000024 T __locale_mb_cur_max
001bb978 000000e4 T memset
001bba5c 000000d8 T _calloc_r
001bbb34 0000022c T __sflush_r
001bbd60 000000c4 T _fflush_r
001bbe24 00000044 T fflush
001bbe68 00000088 T _vsnprintf_r
001bbef0 00000038 T vsnprintf
001bbf28 00000104 T _fwrite_r
001bc02c 00000038 T fwrite
001bc064 00000028 T realloc
001bc08c 00000020 T mallinfo
001bc0ac 000008e8 T qsort
001bc994 000001c4 T _ftello_r
001bcb58 000000fc T _putc_r
001bcc54 0000082c T _malloc_r
001bd480 00000124 T __swbuf_r
001bd5a4 00000114 T _malloc_trim_r
001bd6b8 00000314 T _free_r
001bd9cc 00000294 T setvbuf
001bdc60 000001e0 T _perror_r
001bde40 00000020 T perror
001bde60 0000001c t stdio_exit_handler
001bde7c 0000005c t cleanup_stdio
001bded8 00000154 t global_stdio_init.part.0
001be02c 00000138 T __sfp
001be164 0000005c T __sinit
001be1c0 0000000c T __sfp_lock_acquire
001be1cc 0000000c T __sfp_lock_release
001be1d8 0000000c T atoi
001be1e4 00000384 t _strtol_l.part.0
001be568 0000006c T _strtol_r
001be5d4 00000074 T strtol
001be648 00000084 T __libc_init_array
001be6cc 00000028 T rename
001be6f4 000000d4 T strncpy
001be7c8 0000001c T _fseek_r
001be7e4 00000034 T fseek
001be818 00000040 T malloc
001be858 00000020 T free
001be878 000000e8 T memchr
001be960 00000048 T strrchr
001be9a8 00000030 T write
001be9d8 00000140 T __swsetup_r
001beb18 000000e0 T _puts_r
001bebf8 00000020 T puts
001bec18 000000dc T _findenv_r
001becf4 00000018 T _getenv_r
001bed0c 00000070 T stpcpy
001bed7c 00000044 T __sread
001bedc0 00000008 T __seofread
001bedc8 00000068 T __swrite
001bee30 00000040 T __sseek
001bee70 00000008 T __sclose
001bee78 000001a8 T memmove
001bf020 00000060 T vsprintf
001bf080 000004f0 T _realloc_r
001bf570 0000001c T localtime
001bf58c 00000020 T strdup
001bf5ac 000000c0 T _fputs_r
001bf66c 00000028 T fputs
001bf694 0000000c T __malloc_lock
001bf6a0 0000000c T __malloc_unlock
001bf6ac 00000588 T _fseeko_r
001bfc34 00000148 T _fclose_r
001bfd7c 00000020 T fclose
001bfd9c 00000048 T time
001bfde4 0000003c T fprintf
001bfe20 00000030 T setenv
001bfe50 00000030 T read
001bfe80 00000008 T _user_strerror
001bfe88 00000004 W __call_exitprocs
001bfe8c 00000030 T exit
001bfebc 00000030 T strtok
001bfeec 000005e0 t get_arg
001c04d0 0000345c T _svfprintf_r
001c392c 000000b8 T __sflags
001c39e4 00000028 T stat
001c3a0c 000000f8 T __utf8_wctomb
001c3b04 0000003c T __libc_fini_array
001c3b40 0000003c T strnlen
001c3b7c 000000d8 T strncmp
001c3c54 00000084 T __malloc_update_mallinfo
001c3cd8 0000004c T _mallinfo_r
001c3d24 00000070 T __match
001c3d94 000002a8 T __hexnan
001c403c 00000068 T sprintf
001c40a4 000000bc T __strtok_r
001c4160 00000020 T unlink
001c4180 00000038 t lflush
001c41b8 000001a8 T __srefill_r
001c4360 00000010 T nan
001c4370 00000088 T frexp
001c43f8 0000000c T __env_lock
001c4404 0000000c T __env_unlock
001c4410 0000005c T __assert_func
001c446c 00000054 T _strdup_r
001c44c0 00000088 T _Balloc
001c4548 0000001c T _Bfree
001c4564 000000f4 T __multadd
001c4658 0000010c T __s2b
001c4764 00000080 T __hi0bits
001c47e4 000000f0 T __lo0bits
001c48d4 000000a4 T __i2b
001c4978 00000230 T __multiply
001c4ba8 00000130 T __pow5mult
001c4cd8 00000138 T __lshift
001c4e10 00000058 T __mcmp
001c4e68 00000218 T __mdiff
001c5080 00000068 T __ulp
001c50e8 000000d4 T __b2d
001c51bc 00000120 T __d2b
001c52dc 00000078 T __ratio
001c5354 0000008c T __copybits
001c53e0 0000005c T __any_on
001c543c 00000238 T _setenv_r
001c5674 00000070 T _fwalk_sglue
001c56e4 000005e0 t get_arg
001c5cc8 00003554 T _vfprintf_r
001c921c 000000b4 t __sbprintf
001c92d0 000000a0 T _wcrtomb_r
001c9370 000000c0 T fileno
001c9430 000000a4 T __ssprint_r
001c94d4 00000340 T __utf8_mbtowc
001c9814 0000003c T fiprintf
001c9850 000004a4 T __sfvwrite_r
001c9cf4 00000014 T abort
001c9d08 00000030 T __sprint_r
001c9d38 0000035c T localtime_r
001ca094 00000258 T __tzcalc_limits
001ca2ec 000001c0 t quorem
001ca4b0 00001420 T _dtoa_r
001cb8d0 00000010 T _tzset_unlocked
001cb8e0 00000028 T _wcsrtombs_r
001cb908 0000000c T __gettzinfo
001cb914 00000024 T _localeconv_r
001cb938 0000012c T __ssputs_r
001cba64 0000025c T gmtime_r
001cbcc0 000005e0 t get_arg
001cc2a0 000022f8 T _vfiprintf_r
001ce598 000000b4 t __sbprintf
001ce64c 00000648 T _tzset_unlocked_r
001cec94 0000015c T _wcsnrtombs_l
001cedf0 00000064 T _wcsnrtombs_r
001cee54 0000000c T __tz_lock
001cee60 0000000c T __tz_unlock
001cee6c 0000009c T _raise_r
001cef08 00000020 T raise
001cef28 00000078 T siscanf
001cefa0 00000050 t get_arg
001ceff0 000000e4 T _sungetc_r
001cf0d4 0000006c T __ssrefill_r
001cf140 000000b4 T _sfread_r
001cf1f4 000022c4 T __ssvfiscanf_r
001d14b8 00000008 T iswspace
001d14c0 00000264 t _strtoull_l.isra.0
001d1724 00000038 T _strtoull_r
001d175c 000000b8 T __submore
001d1814 000000c4 T _mbrtowc_r
001d18d8 000000f8 T __sccl
001d19d0 0000047c t _strtoll_l.isra.0
001d1e4c 00000038 T _strtoll_r
001d1e84 00000038 T iswspace_l
001d1ebc 00000090 T category
001d1f4c 00000020 T _exit
001d1f6c 00000140 T chdir
001d20ac 00000090 T getcwd
001d213c 000001c8 T _concatenate_path
001d2304 00000070 t __dirnext
001d2374 00000114 T opendir
001d2488 00000098 T closedir
001d2520 000000f8 T readdir_r
001d2618 00000048 T readdir
001d2660 0000009c T _fstat_r
001d26fc 00000014 T _getpid_r
001d2710 0000002c T __getreent
001d273c 00000030 T _gettimeofday_r
001d276c 000000a0 T __release_handle
001d280c 000000b0 T __alloc_handle
001d28bc 00000058 T __get_handle
001d2914 00000110 T _close_r
001d2a24 00000008 t null_write
001d2a2c 00000018 T setDefaultDevice
001d2a44 00000098 T FindDevice
001d2adc 00000024 T RemoveDevice
001d2b00 00000088 T AddDevice
001d2b88 00000020 T GetDeviceOpTab
001d2ba8 00000008 T _isatty_r
001d2bb0 00000014 T _kill_r
001d2bc4 00000094 T _lseek_r
001d2c58 00000068 T mkdir
001d2cc0 000000c0 T _open_r
001d2d80 00000094 T _read_r
001d2e14 00000088 T _rename_r
001d2e9c 0000007c T _rmdir_r
001d2f18 00000078 W _sbrk_r
001d2f90 00000080 T _stat_r
001d3010 00000070 T statvfs
001d3080 0000001c T __libc_lock_acquire
001d309c 0000001c T __libc_lock_release
001d30b8 0000001c T __libc_lock_acquire_recursive
001d30d4 0000001c T __libc_lock_release_recursive
001d30f0 00000078 T _unlink_r
001d3168 00000078 T usleep
001d31e0 00000094 T _write_r
001d3274 00000040 T nanosleep
001d32b4 T _fini
001d6710 r .LC20
001e6f0c r .LC2
001e8034 00000050 r packettypename
001e8084 0000002c r CSWTCH.475
001e80b0 000002c0 r actionpointers
001e83c4 0000000a r CSWTCH.376
001e83d0 0000000c r angleturn
001e83e4 00000060 r gamecontrolname
001e8444 000008b0 r keynames
001e8d30 00000030 r thintriangle_guy
001e8d60 00000100 r cheat_player_arrow
001e8e60 00000070 r player_arrow
001e8ed0 00000020 r premiers.0
001e9064 00000005 r CSWTCH.764
001e906c 00000020 r quitsounds2
001e9090 00000100 r rndtable
001e91c8 00000020 r yspeed
001e91e8 00000020 r xspeed
001e9208 00000004 r diags
001e920c 00000009 r opposite
001e9c5c 00000500 R gammatable
001ea1a0 00000040 r fillbuf
001ea1e0 0000000c r dirs.0
001ea210 00000800 r vwin1024
001eaa10 00000100 r vwin128
001eab10 00001000 r vwin2048
001ebb10 00000200 r vwin256
001ebd10 00002000 r vwin4096
001edd10 00000400 r vwin512
001ee110 00000080 r vwin64
001ee190 00004000 r vwin8192
001f2190 00000400 r FLOOR_fromdB_LOOKUP
001f2590 00000008 r ADJUST_SQRT2
001f2598 00000204 r COS_LOOKUP_I
001f279c 00000080 r FROMdB2_LOOKUP
001f281c 0000008c r FROMdB_LOOKUP
001f28a8 00000104 r INVSQ_LOOKUP_I
001f29ac 00000100 r INVSQ_LOOKUP_IDel
001f2aac 00000070 r barklook
001f2b1c 00000010 r bitrev
001f2b2c 00001008 r sincos_lookup0
001f3b34 00001000 r sincos_lookup1
001f4b34 00002000 r crc_lookup
001f6b34 00000084 r mask
001f6dfc 00000080 r dotab_stdout
001f6e7c 00000018 r grayScale
001f6e94 00000006 r colorCube
001f6e9c 00000030 r colorTable
001f6ecc 00000011 r dsp_filename.0
001f6efc 00000008 r morton_y.2
001f6f04 00000008 r morton_x.3
001f6f0c 00000008 r s_sleepWakeEvents.4
001f6f14 0000000c r serviceNameTable.5
001f6f20 0000004d r _net_error_code_map
001f6f70 R default_font_bin
001f7770 R default_font_bin_end
001f7770 00000030 r error_table
001f77a0 00000080 r archive_devoptab
001f7820 00000870 R __exp_data
001f8090 00001048 R __pow_log_data
001f913c 00000014 r fpinan.0
001f9150 00000014 r fpi.1
001f9168 00000028 r tinytens
001f9190 00000100 R __hexdig
001f9448 00000010 r zeroes.0
001f9458 00000010 r blanks.1
001f9468 00000101 R _ctype_
001f956c 0000000c r p05.0
001f9578 00000028 R __mprec_bigtens
001f95a0 000000c8 R __mprec_tens
001f9754 00000010 r zeroes.0
001f9764 00000010 r blanks.1
001f9774 0000006c R __action_table
001f97e0 0000006c R __state_table
001f984c 00000100 R __chclass
001f9a40 00000010 r zeroes.0
001f9a50 00000010 r blanks.1
001f9a60 00000060 R __month_lengths
001f9b40 00000022 r basefix.0
001f9b64 000037f8 r categories
001fd35c 00000080 R dotab_stdnull
001fd3dc R __tdata_align
001fd3e0 r __EH_FRAME_BEGIN__
001fd3e0 R __exidx_end
001fd3e0 R __exidx_start
001fe000 00000004 D comptime
001fe004 00000004 D compdate
001fe008 00000001 d oldgamestate.2
001fe009 00000001 D wipegamestate
001fe00c 00000004 D pandf
001fe010 00000004 D usehome
001fe014 00000100 D srb2path
001fe114 00000100 D srb2home
001fe214 00000004 d pagename
001fe218 00000004 d sendconfigtic.1
001fe21c 00000028 D cv_maxsend
001fe244 00000028 D cv_maxplayers
001fe26c 00000028 D cv_disallownewplayer
001fe294 00000028 D cv_allownewplayer
001fe2bc 00000018 d maxsend_cons_t
001fe2d4 00000018 d maxplayers_cons_t
001fe2ec 00000028 D cv_playdemospeed
001fe314 00000004 D server
001fe318 00000004 D connectiontimeout
001fe31c 00000100 D downloaddir
001fe41c 00000004 D adminplayer
001fe420 00000028 D cv_sleep
001fe448 00000028 D cv_mute
001fe470 00000028 D cv_pause
001fe498 00000028 D cv_friendlyfire
001fe4c0 00000028 D cv_runscripts
001fe4e8 00000028 D cv_advancemap
001fe510 00000020 d advancemap_cons_t
001fe530 00000028 D cv_inttime
001fe558 00000028 D cv_nettimeout
001fe580 00000028 D cv_netstat
001fe5a8 00000028 D cv_killingdead
001fe5d0 00000028 D cv_allowexitlevel
001fe5f8 00000028 D cv_nodownloading
001fe620 00000028 D cv_forceskin
001fe648 00000028 D cv_numlaps
001fe670 00000028 D cv_timelimit
001fe698 00000028 D cv_pointlimit
001fe6c0 00000028 D cv_resetmusic
001fe6e8 00000028 D cv_realnames
001fe710 00000028 D cv_match_scoring
001fe738 00000028 D cv_grid
001fe760 00000028 D cv_mapthingnum
001fe788 00000028 D cv_objflags
001fe7b0 00000028 D cv_speed
001fe7d8 00000028 D cv_snapto
001fe800 00000028 D cv_objectplace
001fe828 00000028 D cv_timetic
001fe850 00000028 D cv_solidspectator
001fe878 00000028 D cv_teamdamage
001fe8a0 00000028 D cv_teamplay
001fe8c8 00000028 D cv_countdowntime
001fe8f0 00000028 D cv_gravity
001fe918 00000028 D cv_startcontinues
001fe940 00000028 D cv_startlives
001fe968 00000028 D cv_startrings
001fe990 00000028 D cv_ringslinger
001fe9b8 00000028 D cv_questionbox
001fe9e0 00000028 D cv_eggmanbox
001fea08 00000028 D cv_1up
001fea30 00000028 D cv_bombshield
001fea58 00000028 D cv_fireshield
001fea80 00000028 D cv_ringshield
001feaa8 00000028 D cv_watershield
001fead0 00000028 D cv_jumpshield
001feaf8 00000028 D cv_invincibility
001feb20 00000028 D cv_supersneakers
001feb48 00000028 D cv_silverring
001feb70 00000028 D cv_superring
001feb98 00000028 D cv_teleporters
001febc0 00000028 D cv_specialrings
001febe8 00000028 D cv_matchboxes
001fec10 00000028 D cv_mouse2port
001fec38 00000028 D cv_joyscale2
001fec60 00000028 D cv_joyscale
001fec88 00000028 D cv_usejoystick2
001fecb0 00000028 D cv_usejoystick
001fecd8 00000028 D cv_usemouse2
001fed00 00000028 D cv_usemouse
001fed28 00000028 D cv_skipmapcheck
001fed50 00000028 D cv_skin2
001fed78 00000028 D cv_playercolor2
001feda0 00000028 D cv_playername2
001fedc8 00000028 D cv_autoaim2
001fedf0 00000028 D cv_autoaim
001fee18 00000028 D cv_skin
001fee40 00000028 D cv_playercolor
001fee68 00000028 D cv_playername
001fee90 00000028 D cv_raceitemboxes
001feeb8 00000028 D cv_racetype
001feee0 00000028 d cv_allowteamchange
001fef08 00000028 d cv_dummyconsvar
001fef30 00000018 d pause_cons_t
001fef48 00000018 d match_scoring_cons_t
001fef60 00000028 d snapto_cons_t
001fef88 00000028 d chances_cons_t
001fefb0 00000028 d matchboxes_cons_t
001fefd8 00000028 d raceitemboxes_cons_t
001ff000 00000018 d racetype_cons_t
001ff018 00000018 d sleeping_cons_t
001ff030 00000018 d liveslimit_cons_t
001ff048 00000018 d ringlimit_cons_t
001ff060 00000020 d teamplay_cons_t
001ff080 00000028 d mouse2port_cons_t
001ff0a8 00000020 d usemouse_cons_t
001ff0c8 00000130 D text
001ff1f8 00000001 d mb_used
001ff1fc 00001090 d mouthstates
0020028c 00000004 D titlescrollspeed
00200290 00000009 d mapname.4
0020029c 000002c0 D team_names
0020055c 000002c0 D player_names
0020081c 00000028 D cv_lookaxis2
00200844 00000028 D cv_sideaxis2
0020086c 00000028 D cv_moveaxis2
00200894 00000028 D cv_turnaxis2
002008bc 00000028 D cv_lookaxis
002008e4 00000028 D cv_sideaxis
0020090c 00000028 D cv_moveaxis
00200934 00000028 D cv_turnaxis
0020095c 00000028 D cv_useranalog2
00200984 00000028 D cv_useranalog
002009ac 00000028 D cv_analog2
002009d4 00000028 D cv_analog
002009fc 00000028 D cv_mousemove2
00200a24 00000028 D cv_mousemove
00200a4c 00000028 D cv_showmessages
00200a74 00000028 D cv_alwaysfreelook2
00200a9c 00000028 D cv_invertmouse2
00200ac4 00000028 D cv_alwaysfreelook
00200aec 00000028 D cv_invertmouse
00200b14 00000028 D cv_crosshair2
00200b3c 00000028 D cv_crosshair
00200b64 00000090 d joyaxis_t
00200bf4 00000028 d crosshair_cons_t
00200c1c 00000018 d showmessages_cons_t
00200c34 00000004 D precache
00200c38 00000004 D gameovertics
00200c3c 00000004 D helpertics
00200c40 00000004 D paralooptics
00200c44 00000004 D extralifetics
00200c48 00000004 D spacetimetics
00200c4c 00000004 D underwatertics
00200c50 00000004 D tailsflytics
00200c54 00000004 D flashingtics
00200c58 00000004 D sneakertics
00200c5c 00000004 D invulntics
00200c60 000000c0 D egglocations
00200d20 00002000 D emblemlocations
00202d20 00000004 D numemblems
00202d24 00000002 D gamemap
00202d28 00000040 D timeattackfolder
00202d68 00000040 D gamedatafilename
00202da8 00000001 D gameskill
00202dac 00000028 D cv_allowautoaim
00202dd4 00000028 D cv_controlperkey
00202dfc 00000028 D cv_mlooksens2
00202e24 00000028 D cv_mousesens2
00202e4c 00000028 D cv_mlooksens
00202e74 00000028 D cv_mousesens
00202e9c 00000018 d onecontrolperkey_cons_t
00202eb4 00000020 d mousesens_cons_t
00202ed4 00000004 d lastlevel.5
00202ed8 00000004 d stopped
00202edc 00000004 d followplayer
00202ee0 00000004 d scale_mtof
00202ee4 00000018 D CV_Natural
00202efc 00000018 D CV_Unsigned
00202f14 00000018 D CV_YesNo
00202f2c 00000018 D CV_OnOff
00202f44 00000028 d cons_backcolor
00202f6c 00000038 d backcolor_cons_t
00202fa4 00000028 d cons_backpic
00202fcc 00000018 d backpic_cons_t
00202fe4 00000028 d cons_height
0020300c 00000028 d cons_speed
00203034 00000028 d cons_msgtimeout
0020305c 00000004 d con_forcepic
00203060 00000004 D cechoduration
00203064 00000080 D english_shiftxform
002030e4 00000004 d endtic
002030e8 00000004 d st_stopped
002030ec 00000108 D hudinfo
002031f4 00000008 d cheat_commercial_noclip
002031fc 00000008 d cheat_ammo
00203204 00000008 d cheat_god
0020320c 00000008 d cheat_cd
00203214 00000008 d cheat_amap
0020321c 00000005 d cheat_amap_seq
00203224 00000008 d cheat_commercial_noclip_seq
0020322c 00000009 d cheat_ammo_seq
00203238 00000006 d cheat_god_seq
00203240 00000008 d cheat_cd_seq
00203248 00000024 D MessageDef
0020326c 00000024 D SaveDef
00203290 00000078 d SaveMenu
00203308 00000024 D LoadDef
0020332c 00000078 d LoadGameMenu
002033a4 00000024 D VidModeDef
002033c8 00000014 d VideoModeMenu
002033dc 00000024 D ControlDef2
00203400 0000008c d ControlMenu2
0020348c 00000024 D ControlDef
002034b0 00000168 d ControlMenu
00203618 00000024 d JoystickSetDef
0020363c 0000008c d JoystickSetMenu
002036c8 00000024 D JoystickDef
002036ec 000000f0 d JoystickMenu
002037dc 00000024 D SoundDef
00203800 00000078 d SoundMenu
00203878 00000024 D ReadDef2
0020389c 00000014 d ReadMenu2
002038b0 00000024 D ReadDef1
002038d4 00000014 d ReadMenu1
002038e8 00000024 D ServerOptionsDef
0020390c 0000003c d ServerOptionsMenu
00203948 00000024 D MonitorToggleDef
0020396c 000000f0 d MonitorToggleMenu
00203a5c 00000024 D CTFOptionsDef
00203a80 000000b4 d CTFOptionsMenu
00203b34 00000024 D TagOptionsDef
00203b58 000000a0 d TagOptionsMenu
00203bf8 00000024 D RaceOptionsDef
00203c1c 00000028 d RaceOptionsMenu
00203c44 00000024 D MatchOptionsDef
00203c68 000000c8 d MatchOptionsMenu
00203d30 00000024 D NetOptionDef
00203d54 000000c8 d NetOptionsMenu
00203e1c 00000024 D GameOptionDef
00203e40 00000118 d GameOptionsMenu
00203f58 00000024 D MouseOptionsDef
00203f7c 00000078 d MouseOptionsMenu
00203ff4 00000024 D VideoOptionsDef
00204018 00000078 d VideoOptionsMenu
00204090 00000024 D LevelSelectDef
002040b4 00000028 d LevelSelectMenu
002040dc 00000024 D RewardDef
00204100 00000050 d RewardMenu
00204150 00000024 D CustomSecretsDef
00204178 00000140 d CustomSecretsMenu
002042b8 00000024 D SecretsDef
002042e0 00000104 d SecretsMenu
002043e4 00000024 D EasterEggBonusDef
00204408 00000014 d EasterEggBonusMenu
0020441c 00000024 D TimeAttackBonusDef
00204440 00000014 d TimeAttackBonusMenu
00204454 00000024 D CustomChecklistDef
00204478 00000014 d CustomChecklistMenu
0020448c 00000024 D UnlockChecklistDef
002044b0 00000014 d UnlockChecklistMenu
002044c4 00000024 D OptionsDef
002044e8 0000008c d OptionsMenu
00204574 00000024 D ControlsDef
00204598 000000f0 d ControlsMenu
00204688 00000024 D DataOptionsDef
002046ac 00000028 d DataOptionsMenu
002046d4 00000024 D TimeAttackDef
002046f8 00000064 d TimeAttackMenu
0020475c 00000024 D NewDef
00204780 00000064 d NewGameMenu
002047e4 00000024 D PlayerDef
00204808 0000012c D PlayerMenu
00204934 00000024 D SetupMultiPlayerDef
00204958 00000064 d SetupMultiPlayerMenu
002049bc 00000024 D SecondMouseCfgdef
002049e0 0000008c d SecondMouseCfgMenu
00204a6c 00000024 D MultiPlayerDef
00204a90 000000a0 d MultiPlayerMenu
00204b30 00000024 D Serverdef
00204b54 00000078 d ServerMenu
00204bcc 00000028 D cv_newgametype
00204bf4 00000040 D gametype_cons_t
00204c34 00000028 D cv_chooseskin
00204c5c 00000108 d skins_cons_t
00204d64 00000028 D cv_nextmap
00204d8c 00000028 d cv_skill
00204db4 00002068 d map_cons_t
00206e1c 00000028 D skill_cons_t
00206e44 00000024 D Connectdef
00206e68 00000140 d ConnectMenu
00206fa8 00000028 d cv_serversearch
00206fd0 00000018 d serversearch_cons_t
00206fe8 00000024 D SinglePlayerDef
0020700c 00000078 d SinglePlayerMenu
00207084 00000024 D StatsDef
002070a8 00000014 d StatsMenu
002070bc 00000024 D Stats2Def
002070e0 00000014 d Stats2Menu
002070f4 00000024 D Stats3Def
00207118 00000014 d Stats3Menu
0020712c 00000024 D Stats4Def
00207150 00000014 d Stats4Menu
00207164 00000024 D Stats5Def
00207188 00000014 d Stats5Menu
0020719c 00000024 d AddonsDef
002071c0 00000024 D MainDef
002071e4 00000078 d MainMenu
0020725c 00000004 D currentMenu
00207260 00000002 d skullAnimCounter
00207262 00000002 d itemOn
00207264 00001428 D description
0020868c 00000004 d quickSaveSlot
00208690 0000000d d freename.1
002086a0 00000028 D cv_screenshot_folder
002086c8 00000028 D cv_screenshot_option
002086f0 00000028 d screenshot_cons_t
00208718 000068e8 D mobjinfo
0020f000 0000e7e0 D states
0021d7e0 00000640 D sprnames
0021de20 00000028 D cv_translucency
0021de48 00000004 d lastleveltime.2
0021de4c 00000099 d debuginfo
0021dee8 00000004 d first.1
0021deec 00000028 D cv_suddendeath
0021df14 00000028 D cv_flagtime
0021df3c 00000028 D cv_itemrespawn
0021df64 00000028 D cv_itemrespawntime
0021df8c 00000028 D cv_splats
0021dfb4 00000028 D cv_viewheight
0021dfdc 00000018 d viewheight_cons_t
0021dff4 00000439 d harddefs
0021e430 00000004 D t_cam2_rotate
0021e434 00000004 D t_cam2_height
0021e438 00000004 D t_cam2_dist
0021e43c 00000004 D t_cam_rotate
0021e440 00000004 D t_cam_height
0021e444 00000004 D t_cam_dist
0021e448 00000028 D cv_cam2_rotspeed
0021e470 00000028 D cv_cam2_rotate
0021e498 00000028 D cv_cam2_speed
0021e4c0 00000028 D cv_cam2_still
0021e4e8 00000028 D cv_cam2_height
0021e510 00000028 D cv_cam2_dist
0021e538 00000028 D cv_cam_rotspeed
0021e560 00000028 D cv_cam_rotate
0021e588 00000028 D cv_cam_speed
0021e5b0 00000028 D cv_cam_still
0021e5d8 00000028 D cv_cam_height
0021e600 00000028 D cv_cam_dist
0021e628 00000018 d rotation_cons_t
0021e640 00000048 d debuginfo
0021e688 00002004 D tantoangle
0022068c 0000a000 D finesine
0022a68c 00004000 D finetangent
0022e68c 000000c0 D checkcoord
0022e74c 00000004 D whereitsfrom
0022e750 00000088 D Color_cons_t
0022e7d8 00000040 D Color_Names
0022e818 00000028 D cv_splitscreen
0022e840 00000028 D cv_grtranslucenthud
0022e868 00000028 D cv_viewsize
0022e890 00000028 D cv_precipdist
0022e8b8 00000028 D cv_allowmlook
0022e8e0 00000028 D cv_timeattacked
0022e908 00000028 D cv_soniccd
0022e930 00000028 D cv_advancedprecip
0022e958 00000028 D cv_raindensity
0022e980 00000028 D cv_numsnow
0022e9a8 00000028 D cv_shadow
0022e9d0 00000028 D cv_lightdash
0022e9f8 00000028 D cv_homing
0022ea20 00000028 D cv_chasecam2
0022ea48 00000028 D cv_chasecam
0022ea70 00000028 D cv_tailspickup
0022ea98 00000018 d viewsize_cons_t
0022eab0 00000018 d grtranslucenthud_cons_t
0022eac8 00000028 d precipdensity_cons_t
0022eaf0 00000004 D finecosine
0022eaf4 00000004 D validcount
0022eaf8 00000004 d freehead
0022eafc 00000004 d firsttime.0
0022eb00 00000004 d first.1
0022eb04 00000028 D cv_fullscreen
0022eb2c 00000028 D cv_renderview
0022eb54 00000028 D cv_scr_depth
0022eb7c 00000028 D cv_scr_height
0022eba4 00000028 D cv_scr_width
0022ebcc 00000028 d scr_depth_cons_t
0022ebf4 00000028 D cv_usegamma
0022ec1c 00000028 D cv_ticrate
0022ec44 00000018 d gamma_cons_t
0022ec5c 00000028 d surround
0022ec84 00000028 D cv_numChannels
0022ecac 00000028 D cv_midimusicvolume
0022ecd4 00000028 D cv_digmusicvolume
0022ecfc 00000028 D cv_soundvolume
0022ed24 00000028 d precachesound
0022ed4c 00000028 D stereoreverse
0022ed74 00000028 D cv_samplerate
0022ed9c 00000018 D soundvolume_cons_t
0022edb4 00012ab8 D S_sfx
0024186c 000041a0 D S_music
00245a0c 00000004 d wad_generation
00245a10 00000004 d wad_readahead_file
00245a14 00000004 d socket_fd
00245a18 00000004 d msnode
00245a1c 00000028 D cv_servername
00245a44 00000028 D cv_masterserver
00245a6c 00000028 D cv_internetserver
00245a94 00000002 D sock_port
00245a98 00000004 d mysocket
00245a9c 00000004 D __stacksize__
00245aa0 0000000d d username.1
00245ab0 00000004 D logstream
00245ab4 00000004 D __ctru_linear_heap_size
00245ab8 00000004 D __ctru_heap_size
00245abc 00000004 d digvolume
00245ac0 00000004 d digrate
00245ac4 00000004 d musicvol
00245ac8 00000004 d noisestate
00245acc 00000004 d sfxvolume
00245ad0 00000028 D cdUpdate
00245af8 00000028 D cd_volume
00245b20 00000028 d cv_stretch
00245b48 00000004 d clearframes
00245b4c 00000028 D cv_vidwait
00245b74 00000001 D rendermode
00245b78 00000008 D _floor_P
00245b80 00000004 D _mapping_P
00245b84 0000000c D _residue_P
00245b90 00000018 D floor1_exportbundle
00245ba8 00000018 D floor0_exportbundle
00245bc0 00000014 D residue0_exportbundle
00245bd4 00000014 D residue1_exportbundle
00245be8 00000014 D residue2_exportbundle
00245bfc 00000014 D mapping0_exportbundle
00245c10 00000001 d firstConsoleInit.0
00245c14 00000004 D currentConsole
00245c18 00000048 D defaultConsole
00245c60 00000004 d aptChainloadDeliverArgSize
00245c64 00000004 d kCount
00245c68 00000004 d kInterval
00245c6c 00000004 d kDelay
00245c70 00000080 d soc_devoptab
00245cf0 00000004 D _impure_ptr
00245cf8 00000200 D _impure_data
00245ef8 00000254 D __global_locale
0024614c 00000004 D __malloc_sbrk_base
00246150 00000004 D __malloc_trim_threshold
00246158 00000408 D __malloc_av_
00246560 0000000c D __sglue
0024656c 00000004 D environ
00246570 00000058 d tzinfo
002465c8 00000008 D _tzname
002465d0 00000400 d _current_working_directory
002469d0 00001000 d handles
002479d0 0000000c d __stderr_handle
002479dc 0000000c d __stdout_handle
002479e8 0000000c d __stdin_handle
002479f4 0000008c D devoptab_list
00247a80 00000004 d defaultDevice
00247a8c d _GLOBAL_OFFSET_TABLE_
00247a98 d __frame_dummy_init_array_entry
00247a98 D __init_array_start
00247a98 B __preinit_array_end
00247a98 B __preinit_array_start
00247a98 D __tdata_lma
00247a98 D __tdata_lma_end
00247a9c d __do_global_dtors_aux_fini_array_entry
00247a9c D __fini_array_start
00247a9c D __init_array_end
00247aa0 D __bss_start__
00247aa0 D __fini_array_end
00247aa0 b completed.1
00247aa4 b object.0
00247abc 00000004 b menuactivestate.0
00247ac0 00000004 b borderdrawcount.1
00247ac4 00000004 b wipe.3
00247ac8 00000004 B dedicated
00247acc 00000004 B debugload
00247ad0 00000004 B digital_disabled
00247ad4 00000004 B sound_disabled
00247ad8 00000004 B music_disabled
00247adc 00000004 B nofmod
00247ae0 00000004 B nosound
00247ae4 00000004 B nomusic
00247ae8 00000004 B singletics
00247aec 00000004 B eastermode
00247af0 00000004 B mariomode
00247af4 00000004 B xmasoverride
00247af8 00000004 B xmasmode
00247afc 00000004 B devparm
00247b00 000000c0 b startupwadfiles
00247bc0 00000004 b pagetic
00247bc4 00000004 b gametime.0
00247bc8 00000004 B serverlistcount
00247bcc 00000001 b cl_mode
00247bd0 00000050 b listnetxcmd
00247c20 00040000 b textcmds
00287c20 00000001 B servernode
00287c24 00000004 b neededtic
00287c28 00000100 b localtextcmd2
00287d28 00000100 b localtextcmd
00287e28 00000001 b mynode
00287e2c 00000004 b cl_packetmissed
00287e30 00000008 b localcmds2
00287e38 00000008 b localcmds
00287e40 00000004 b maketic
00287e44 00000004 b tictoclear
00287e48 00000040 b consistancy
00287e88 00000004 b firstticstosend
00287e8c 00000020 b nodewaiting
00287eb0 00000080 b supposedtics
00287f30 00000080 b nettics
00287fb0 00000080 b nodeingame
00288030 00000020 b playerpernode
00288050 00000020 b nodetoplayer2
00288070 00000020 b nodetoplayer
00288090 00000020 b playernode
002880b0 00000004 B serverplayer
002880b4 00000004 b serverrunning
002880b8 00000008 b oldsendbyte.0
002880c0 00000b80 b nodes
00288c40 00016e00 b ackpak
0029fa40 00000004 B ticmiss
0029fa44 00000004 B ticruned
0029fa48 00000004 b getackpacket
0029fa4c 00000004 b sendackpacket
0029fa50 00000004 b duppacket
0029fa54 00000004 b retransmit
0029fa58 00000008 B sendbytes
0029fa60 00000004 B getbytes
0029fa64 00000004 b statstarttic
0029fa68 00000004 B bannednode
0029fa6c 00000004 B I_ClearBans
0029fa70 00000004 B I_Ban
0029fa74 00000004 B I_NetOpenSocket
0029fa78 00000004 B I_NetMakeNode
0029fa7c 00000004 B I_NetFreeNodenum
0029fa80 00000004 B I_NetCloseSocket
0029fa84 00000004 B I_NetCanSend
0029fa88 00000004 B I_NetSend
0029fa8c 00000004 B I_NetGet
0029fa90 00000004 b rebound_tail
0029fa94 00000004 b rebound_head
0029fa98 00000010 b reboundsize
0029faa8 00008260 b reboundstore
002a7d08 00000004 B debugfile
002a7d0c 00000004 B netbuffer
002a7d10 00000004 B doomcom
002a7d14 00000004 b filetime.0
002a7d18 00000004 b currentnode.1
002a7d1c 00000004 b filetosend
002a7d20 00000180 b transfer
002a7ea0 00000086 b buf.0
002a7f28 00000004 B timelimitintics
002a7f2c 00000004 B mapchangepending
002a7f30 00000004 b chmappending
002a7f34 00000004 b snac2pending
002a7f38 00000004 b snacpending
002a7f3c 00000004 B circuitmap
002a7f40 00000004 B gametype
002a7f44 00000004 b forcedskin
002a7f48 00000004 b deh_num_warning
002a7f4c 00000004 B modcredits
002a7f50 00000004 B deh_loaded
002a7f54 00000004 b mainzone
002a7f58 00000004 b textypos
002a7f5c 00000004 b textxpos
002a7f60 00000004 b picnum
002a7f64 00000004 b picypos
002a7f68 00000004 b picxpos
002a7f6c 00000004 b cutnum
002a7f70 00000004 b scenenum
002a7f74 00000004 b mouthtics
002a7f78 00000004 b mouthframe
002a7f7c 00000004 b precutresetplayer
002a7f80 00000004 b runningprecutscene
002a7f84 00000004 b drawchaosemblem
002a7f88 00000004 b drawemblem
002a7f8c 00000004 b ttspop7
002a7f90 00000004 b ttspop6
002a7f94 00000004 b ttspop5
002a7f98 00000004 b ttspop4
002a7f9c 00000004 b ttspop3
002a7fa0 00000004 b ttspop2
002a7fa4 00000004 b ttspop1
002a7fa8 00000004 b ttsprep2
002a7fac 00000004 b ttsprep1
002a7fb0 00000004 b ttswip1
002a7fb4 00000004 b ttswave2
002a7fb8 00000004 b ttswave1
002a7fbc 00000004 b ttsonic
002a7fc0 00000004 b ttwing
002a7fc4 00000004 b ttbanner
002a7fc8 00000004 b deblink2
002a7fcc 00000004 b deblink1
002a7fd0 00000004 b dehand3
002a7fd4 00000004 b dehand2
002a7fd8 00000004 b dehand1
002a7fdc 00000004 b desonic
002a7fe0 00000004 b second
002a7fe4 00000004 b first
002a7fe8 00000004 b currentanim
002a7fec 00000004 b background
002a7ff0 00000004 b keypressed
002a7ff4 00000004 b finaleflat
002a7ff8 00000004 b finaletext
002a7ffc 00000004 b stoptimer
002a8000 00000004 b deplete
002a8004 00000004 b animtimer
002a8008 00000004 b finaletextcount
002a800c 00000004 b timetonext
002a8010 00000004 b finalecount
002a8014 00000004 b finalestage
002a8018 00000004 b slowdown.0
002a801c 00000004 b wipe_scr
002a8020 00000004 b wipe_scr_end
002a8024 00000004 b wipe_scr_start
002a8028 00000004 B WipeInAction
002a802c 00000004 b keyboard_look.0
002a8030 00000004 b turnheld.1
002a8034 00000004 b keyboard_look.2
002a8038 00000004 b turnheld.3
002a803c 00000004 b restorecv_vidwait
002a8040 00000100 b oldcmd
002a8140 00000004 b savebuffer
002a8144 00000004 b demoend
002a8148 00000004 b demo_p
002a814c 00000004 b demobuffer
002a8150 00000020 b demoname
002a8170 00000004 B gamedataloaded
002a8174 00000004 B foundeggs
002a8178 00000004 b exitgame
002a817c 00000004 B countdowntimeup
002a8180 00000004 B countdowntimer
002a8184 00000004 B looptitle
002a8188 00000004 b demostarttime
002a818c 00000004 B imcontinuing
002a8190 00000004 B disableSpeedAdjust
002a8194 00000004 B timeattacking
002a8198 00000004 B savemoddata
002a819c 00000004 B curWeather
002a81a0 00000004 B globalweather
002a81a4 00000001 B gamestate
002a81a8 00000008 b keynamestr.0
002a81b0 00000090 b joy2dclicks
002a8240 00000018 b mouse2dclicks
002a8258 00000090 b joydclicks
002a82e8 00000018 b mousedclicks
002a8300 00000010 b l.0
002a8310 00000010 b fl.1
002a8320 00000014 b buffer.7
002a8334 00000004 b AM_drawFline
002a8338 00000004 b markpointnum
002a8340 00000050 b markpoints
002a8390 00000004 b plr
002a8394 00000004 b scale_ftom
002a8398 00000008 b f_oldloc
002a83a0 00000004 b old_m_y
002a83a4 00000004 b old_m_x
002a83a8 00000004 b old_m_h
002a83ac 00000004 b old_m_w
002a83b0 00000004 b max_scale_mtof
002a83b4 00000004 b min_scale_mtof
002a83b8 00000004 b max_h
002a83bc 00000004 b max_y
002a83c0 00000004 b max_x
002a83c4 00000004 b min_y
002a83c8 00000004 b min_x
002a83cc 00000004 b m_h
002a83d0 00000004 b m_w
002a83d4 00000004 b m_y2
002a83d8 00000004 b m_x2
002a83dc 00000004 b m_y
002a83e0 00000004 b m_x
002a83e4 00000004 b ftom_zoommul
002a83e8 00000004 b mtof_zoommul
002a83f0 00000008 b m_paninc
002a83f8 00000004 b amclock
002a83fc 00000004 b fb
002a8400 00000004 b lightlev
002a8404 00000004 b f_h
002a8408 00000004 b f_w
002a840c 00000004 b f_y
002a8410 00000004 b f_x
002a8414 00000004 B am_recalc
002a8418 00000004 B automapactive
002a841c 00000004 b grid
002a8420 00000004 B am_cheating
002a8424 00000004 b bigstate
002a8428 00000004 b serverloading
002a842c 00000004 b com_args
002a8430 00000140 b com_argv
002a8570 00000004 b com_argc
002a8574 00000004 b com_commands
002a8578 00000014 b com_text
002a858c 00000004 b com_alias
002a8590 00000004 b com_wait
002a8594 00000400 b com_token
002a8994 00000004 b consvar_vars
002a8998 00000004 b comskips.0
002a899c 00000004 b varskips.1
002a89a0 00000050 b completion.2
002a89f0 00000004 b shiftdown.3
002a89f4 00000790 b bindtable
002a9184 00004000 b con_buffer
002ad184 00000004 b con_backpic
002ad188 00000004 b input_cx
002ad18c 00000004 b inputhist
002ad190 00000004 b inputline
002ad198 00002000 b inputlines
002af198 00000004 b con_scrollup
002af19c 00000004 b con_width
002af1a0 00000004 b con_totallines
002af1a4 00000004 b con_cy
002af1a8 00000004 b con_cx
002af1ac 00000004 b con_line
002af1b0 00000014 b con_hudtime
002af1c4 00000004 b con_hudlines
002af1c8 00000004 b con_curlines
002af1cc 00000004 b consoleready
002af1d0 00000004 b consoletoggle
002af1d4 00000004 b con_tick
002af1d8 00000004 B con_startup
002af1dc 00000004 b con_started
002af1e0 00000004 b shiftdown.2
002af1e4 00000004 b oldclearlines
002af1e8 00000004 b tail
002af1ec 00000004 b head
002af1f0 00000080 b chatchars
002af270 00000004 B cechoflags
002af274 00000004 B cechotimer
002af278 0000000c b crosshair
002af284 00000004 b emblemicon
002af288 00000001 b hu_tick
002af28c 00000004 b hu_showscores
002af290 00000004 b headsupactive
002af294 00000050 b w_chat
002af2e4 00000004 b plr
002af2e8 00000001 b inttype
002af2ec 00000004 b intertic
002af2f0 00000004 b gottimebonus
002af2f4 00000004 b timer
002af2f8 00000004 b useinterpic
002af2fc 00000004 b usetile
002af300 00000004 b interpic
002af304 00000004 b bgtile
002af308 00000004 b widebgpatch
002af30c 00000004 b bgpatch
002af310 000002b8 b data
002af5c8 00000004 b st_palette
002af5cc 00000004 b minicaps
002af5d0 00000024 b narrow
002af5f4 00000030 b nhud
002af624 00000004 b nbracket
002af628 00000004 b yelstat
002af62c 00000004 b redstat
002af630 00000004 b orngstat
002af634 00000004 b byelstat
002af638 00000004 b bluestat
002af63c 00000004 b nonicon
002af640 00000004 b gotbflag
002af644 00000004 b gotrflag
002af648 00000004 b bflagico
002af64c 00000004 b rflagico
002af650 00000004 b sneakers
002af654 00000004 b invincibility
002af658 00000004 b bombshield
002af65c 00000004 b watershield
002af660 00000004 b ringshield
002af664 00000004 b fireshield
002af668 00000004 b jumpshield
002af66c 00000004 b infinityring
002af670 00000004 b railring
002af674 00000004 b explosionring
002af678 00000004 b autoring
002af67c 00000004 b homingring
002af680 00000004 b count0
002af684 00000004 b count1
002af688 00000004 b count2
002af68c 00000004 b count3
002af690 00000004 b count4
002af694 00000004 b count5
002af698 00000004 b nightslink
002af69c 00000004 b ttlnum
002af6a0 00000004 b supersonic
002af6a4 00000004 b racego
002af6a8 00000004 b race3
002af6ac 00000004 b race2
002af6b0 00000004 b race1
002af6b4 00000004 b homing6
002af6b8 00000004 b homing5
002af6bc 00000004 b homing4
002af6c0 00000004 b homing3
002af6c4 00000004 b homing2
002af6c8 00000004 b homing1
002af6cc 00000004 b timeup
002af6d0 00000004 b getall
002af6d4 00000004 b rrings
002af6d8 00000004 b stlivex
002af6dc 00000004 b timeover
002af6e0 00000004 b sboover
002af6e4 00000004 b sborings
002af6e8 00000028 b nightsnum
002af710 00000004 b found
002af714 00000004 b plyr.0
002af718 00000100 b cheat_xlate_table
002af818 00000004 b lastx.0
002af81c 00000004 b pmousex.1
002af820 00000004 b lasty.2
002af824 00000004 b pmousey.3
002af828 00000004 b mousewait.4
002af82c 00000004 b joywait.5
002af830 00000004 b shiftdown.6
002af834 00000004 b message.7
002af838 00000037 b tmp.8
002af870 000000c8 b s.9
002af938 00000014 b MessageMenu
002af94c 00000050 b tempstring
002af99c 00000168 b modedescs
002afb04 00000004 b vidm_column_size
002afb08 00000004 b vidm_nummodes
002afb0c 00000004 b vidm_current
002afb10 00000004 b vidm_previousmode
002afb14 00000004 b vidm_testingmode
002afb18 00000004 b controltochange
002afb1c 00000004 b setupcontrols
002afb20 00000004 b setupcontrols_secondaryplayer
002afb24 00000004 b setupm_cvname
002afb28 00000004 b setupm_cvcolor
002afb2c 00000004 b setupm_cvskin
002afb30 00000004 b setupm_player
002afb34 00000016 b setupm_name
002afb4c 00000004 b multi_state
002afb50 00000004 b multi_tics
002afb54 00000004 b localservercount
002afb58 00000004 b addonpage
002afb5c 00000004 b numaddonfiles
002afb60 00000104 b AddonsMenu
002afc64 000001a0 b addonmenutext
002afe04 00008000 b addonfiles
002b7e04 00000010 b setupm_ip
002b7e14 00000280 b savegameinfo
002b8094 000000c8 b joystickInfo
002b815c 000000f0 b savegamestrings
002b824c 00000018 b saveOldString
002b8264 00000004 b saveCharIndex
002b8268 00000004 b saveSlotSelected
002b826c 00000004 b saveSlot
002b8270 00000004 b saveStringEnter
002b8274 00000004 b oldlastmapnum
002b8278 00000004 b lastmapnum
002b827c 00000004 B inlevelselect
002b8280 00000004 B fromlevelselect
002b8284 00000004 B menuactive
002b8288 00000400 b string.0
002b8688 00000004 b gameconfig_loaded
002b868c 00000004 B moviemode
002b8690 00000001 b prndindex
002b8691 00000001 b rndindex
002b8694 000068e8 b mobjinfobackup
002bef7c 0000e7e0 b statesbackup
002cd75c 00000640 b sprnamesbackup
002cdd9c 00000004 b resettrans
002cdda0 00000004 b camerascanned.0
002cdda4 00000004 b camerascanned2.1
002cdda8 00000004 b spechit_max.0
002cddac 00000004 b headprecipsecnode
002cddb0 00000004 b headsecnode
002cddb4 00000004 b nofit
002cddb8 00000004 b crushchange
002cddbc 00000004 b bombdamage
002cddc0 00000004 b aimslope
002cddc4 00000004 b lastz
002cddc8 00000004 b shootz
002cddcc 00000004 b shootthing
002cddd0 00000004 b tmymove
002cddd4 00000004 b tmxmove
002cddd8 00000004 b slidemo
002cdddc 00000004 b bestslideline
002cdde0 00000004 b bestslidefrac
002cdde4 00000004 b mapcampointer
002cdde8 00000004 B precipsector_list
002cddec 00000004 B sector_list
002cddf0 00000004 b tmdropoffz
002cddf8 00000010 b preciptmbbox
002cde08 00000004 b tmprecipthing
002cde0c 00000004 b tmy
002cde10 00000004 b tmx
002cde14 00000004 b tmflags
002cde18 00000004 b max_intercepts.0
002cde1c 00000004 b earlyout
002cde20 00000004 B intercept_p
002cde24 00000004 B intercepts
002cde28 00000010 b ret.0
002cde38 00000040 b ret.1
002cde78 00000040 b ret.2
002cdeb8 00000004 b recursion.3
002cdebc 00001090 b seenstate_tab.4
002cef4c 00000004 b recursion.5
002cef50 00001090 b seenstate_tab.6
002cffe0 00000008 b sightcounts
002cffe8 00000004 b t2y
002cffec 00000004 b t2x
002cfff0 00000010 b strace
002d0000 00000004 b sightzstart
002d0004 00000004 b tmpusher
002d0008 00000004 b triplinecaller
002d000c 00000004 b animdefs
002d0010 00000004 b maxanims
002d0014 00000004 b anims
002d0018 00000004 b lastanim
002d001c 00000004 b onground
002d0020 00000004 b yarly
002d0028 00000110 b tempsec.0
002d0138 00000110 b tempsec.1
002d0248 00001e08 b solidsegs
002d2050 00000004 b newend
002d2054 00000004 B firstnewseg
002d2058 00000004 B ds_p
002d205c 00000004 B drawsegs
002d2060 00001800 b map
002d3860 00001800 b deltas
002d5060 00000004 b carrayindex
002d5064 0000032a b colormapFixingArray
002d5390 00000078 b foundcolormaps
002d5408 00000004 b numflatlists
002d540c 00000004 b flats
002d5410 00000004 b numcolormaplumps
002d5414 00000004 b colormaplumps
002d5418 00000004 b texturememory
002d541c 00000004 b spritememory
002d5420 00000004 b flatmemory
002d5424 00000004 b texturewidthmask
002d5428 00000004 b texturecache
002d542c 00000004 b texturecolumnofs
002d5430 00000004 B textures
002d5434 00000004 B numtextures
002d5438 00000004 B dc_numlights
002d543c 00000004 B dc_lightlist
002d5440 00000004 B dc_yh
002d5444 00000004 B dc_yl
002d5448 00000004 B dc_x
002d544c 00000004 b viewmobj
002d5450 00000004 b yoffs
002d5454 00000004 b xoffs
002d5458 00000004 b planeheight
002d545c 00000004 b planezlight
002d5460 000012c0 b spanstart
002d6720 00000004 b currentplane
002d6724 00000004 b freetail
002d6728 00000800 b visplanes
002d6f28 00000004 b column2s_length
002d6f2c 00000f00 b last_floorclip
002d7e2c 00000f00 b last_ceilingclip
002d8d2c 00000004 b maskedtexturecol
002d8d30 00000004 b bottomstep
002d8d34 00000004 b bottomfrac
002d8d38 00000004 b topstep
002d8d3c 00000004 b topfrac
002d8d40 00000004 b pixlowstep
002d8d44 00000004 b pixhighstep
002d8d48 00000004 b pixlow
002d8d4c 00000004 b pixhigh
002d8d50 00000004 b worldlow
002d8d54 00000004 b worldhigh
002d8d58 00000004 b worldbottom
002d8d5c 00000004 b worldtop
002d8d60 00000004 b rw_bottomtexturemid
002d8d64 00000004 b rw_toptexturemid
002d8d68 00000004 b rw_midtexturemid
002d8d6c 00000004 b rw_scalestep
002d8d70 00000004 b rw_scale
002d8d74 00000004 b rw_offset2
002d8d78 00000004 b rw_offset
002d8d7c 00000004 b rw_centerangle
002d8d80 00000004 b rw_stopx
002d8d84 00000004 b rw_x
002d8d88 00000004 b numthicksides
002d8d8c 00000004 b midtexture
002d8d90 00000004 b bottomtexture
002d8d94 00000004 b toptexture
002d8d98 00000004 b maskedtexture
002d8d9c 00000004 b markceiling
002d8da0 00000004 b markfloor
002d8da4 00000004 b segtextured
002d8da8 00000004 b freewallsplat
002d8dac 0000d000 b wallsplats
002e5dac 00000004 B numskins
002e5db0 0000001c b nodehead
002e5dd0 0000001c b nodebankhead
002e5df0 00000070 b vsprsortedhead
002e5e60 00000004 B windowbottom
002e5e64 00000004 B windowtop
002e5e68 00000004 B sprbotscreen
002e5e6c 00000004 B sprtopscreen
002e5e70 00000004 B spryscale
002e5e74 00000070 b overflowsprite
002e5ee4 00000004 b vissprite_p
002e5ee8 00038000 b vissprites
0031dee8 00000004 b spritename
0031deec 00000004 b maxframe
0031def0 00001300 b sprtemp
0031f1f0 00000004 b spritelights
0031f1f4 00000004 B pLocalPalette
0031f1f8 00000004 b actualmidimusicvolume
0031f1fc 00000004 b actualdigmusicvolume
0031f200 00000004 b actualsfxvolume
0031f204 00000004 b mus_playing
0031f208 00000004 b mus_paused
0031f20c 00000004 b numofchannels
0031f210 00000004 b channels
0031f214 00000080 b filenamebuf
0031f294 00000400 b wad_namecache
0031f694 00000004 b wad_namecache_pos
0031f698 00000004 b wad_readahead_len
0031f69c 00000004 b wad_readahead_pos
0031f6a0 00000004 b wad_readahead
0031f6a4 00000010 b res.0
0031f6b4 00000004 b retry.1
0031f6b8 00000004 b next_time.2
0031f6bc 00000040 b str_ip.3
0031f6fc 00000370 b server_list.4
0031fa70 00000008 b wset
0031fa78 00000010 b select_timeout
0031fa88 00000010 b addr
0031fa98 00000001 b con_state
0031fa9c 00000088 b registered_server
0031fb24 00000032 b s.0
0031fb58 00000008 b set
0031fb60 00000004 b SOCK_cmpaddr
0031fb64 00000004 b init_tcp_driver
0031fb68 00000084 b SOCK_bannednode
0031fbec 00000004 b numbans
0031fbf0 00000140 b banned
0031fd30 00000084 b nodeconnected
0031fdb4 00000210 b clientaddress
0031ffc4 00000008 b cmd.2
0031ffcc 00000008 b cmd.3
0031ffd4 00000004 b quitting.4
0031ffd8 00000004 b numexitfuncs
0031ffdc 00000080 b exitfuncs
0032005c 00000004 b apthooked
00320060 0000000c b apthookcookie
0032006c 00000004 b resumepending
00320070 00000004 b suspended
00320078 00000008 b suspendtime
00320080 00000008 b timerepoch
00320088 00000004 b shuttingdown
0032008c 00000004 b systemstarted
00320090 00000004 b socattempted
00320094 00000004 b socready
00320098 00000004 b socbuffer
0032009c 00000001 B keyboard_started
0032009d 00000001 B graphics_started
003200a0 00000298 b oggfile
00320338 0000000c b oggsource
00320344 00000004 b oggdataowned
00320348 00000004 b oggdatalinear
0032034c 00000004 b oggdata
00320350 00000004 b oggeof
00320354 00000004 b oggopen
00320358 00000004 b digisogg
0032035c 00000004 b diglooping
00320360 00000004 b digpaused
00320364 00000004 b digplaying
00320368 00000004 b digloaded
0032036c 00000004 b digsamples
00320370 00000004 b digbytes
00320374 00000008 b oggpcm
0032037c 00000004 b digpcm
00320380 00000030 b oggwaves
003203b0 00000018 b digwave
003203c8 00000001 b musicbackend
003203d0 00000008 b midisamplerem
003203d8 00000004 b miditempo
003203dc 00000004 b mididivision
003203e0 00000004 b midicurrenttick
003203e4 00000004 b midieventindex
003203e8 00000004 b maxmidievents
003203ec 00000004 b nummidievents
003203f0 00000004 b midievents
003203f4 00000004 b ismidi
003203f8 00000004 b audiosuspended
003203fc 00000004 b musiclooping
00320400 00000004 b musicpaused
00320404 00000004 b musicplaying
00320408 00000004 b musicloaded
0032040c 00000004 b musicready
00320410 00000004 b tickremainder
00320414 00000004 b samplestoevent
00320418 00000004 b scorepos
0032041c 00000004 b scoreend
00320420 00000004 b scorestart
00320424 00000004 b musicdata
00320428 00000400 b bendtable
00320828 00000200 b notesteps
00320a28 00000480 b musvoices
00320ea8 00000060 b muschannels
00320f08 00000060 b musicwaves
00320f68 00000004 b musicpcm
00320f6c 00000004 b nextchannel
00320f70 000003f4 b channels
00321364 00000001 B cdaudio_started
00321365 00000001 B digmusic_started
00321366 00000001 B midimusic_started
00321367 00000001 B music_started
00321368 00000001 B sound_started
0032136c 000003c0 b ymap
0032172c 00000640 b xmap
00321d6c 00000004 b previouskeys
00321d70 00000200 b palette_3ds
00321f70 00000004 B highcolor
00321f74 00000004 b seq
00321f78 00000008 b sLinearPool
00321f80 0000000c b sAddrMap
00321f8c 00000064 b escapeSeq
00321ff0 00000048 B currentCopy
00322038 00000004 b screenAlloc
0032203c 00000004 b screenFree
00322040 00000002 b gfxIsDoubleBuf
00322044 00000002 b gfxCurBuf
00322046 00000001 b gfxIsVram
00322047 00000001 b gfxTopMode
00322048 00000002 b gfxFramebufferFormats
0032204c 00000004 b gfxBottomFramebufferMaxSize
00322050 00000004 b gfxTopFramebufferMaxSize
00322058 00000008 b gfxBottomFramebuffers
00322060 00000008 b gfxTopFramebuffers
00322068 00000001 V __ctru_speedup
0032206c 00000004 b ndspRefCount
00322070 00000048 b ndspMaster
003220b8 00000004 b ndspThread
003220bc 00000001 b ndspThreadRun
003220c0 00001080 b dspVar5Backup
00323140 00000004 b ndspMutex
00323144 00000008 b sleepEvent
0032314c 00000004 b dspSem
00323150 00000004 b irqEvent
00323154 00000008 b ndspHookCookie
0032315c 00000001 b componentFree
0032315e 00000002 b componentDataMask
00323160 00000002 b componentProgMask
00323164 00000004 b componentSize
00323168 00000004 b componentBin
0032316c 00000004 b frameCount
00323170 00000004 b droppedFrames
00323174 00000001 b bCancelReceived
00323175 00000001 b bSleeping
00323176 00000001 b bEnteringSleep
00323177 00000001 b bDspReady
00323178 00000080 B ndspVars
003231f8 00000002 B ndspBufferId
003231fa 00000002 B ndspBufferCurId
003231fc 00000002 B ndspFrameId
00323200 00000c60 b ndspChn
00323e60 00000001 b flagValue.0
00323e61 00000001 b flagInit.1
00323e64 00000004 b serviceName.6
00323e68 00000001 b aptChainloadFlags
00323e69 00000001 b aptChainloadMediatype
00323e6c 00000020 b aptChainloadHmac
00323e8c 00000300 b aptChainloadDeliverArg
00324190 00000008 b aptChainloadTid
00324198 00001000 b aptParameters
00325198 00000004 b aptFlags
0032519c 00000001 b aptHomeButtonState
003251a0 00000004 b aptMessageFuncData
003251a4 00000004 b aptMessageFunc
003251a8 0000000c b aptFirstHook
003251b4 00000001 b aptEventHandlerThreadQuit
003251b8 00000004 b aptEventHandlerThread
003251bc 00000008 b aptSleepEvent
003251c4 00000008 b aptReceiveEvent
003251cc 00000008 b aptEvents
003251d4 00000004 b aptLockHandle
003251d8 00000004 b aptRefCount
003251dc 00000004 b cfguRefCount
003251e0 00000004 b cfguHandle
003251e4 00000002 b dspSavedCompDataMask
003251e6 00000002 b dspSavedCompProgMask
003251e8 00000004 b dspSavedCompSize
003251ec 00000004 b dspSavedCompBin
003251f0 00000001 b dspSleeping
003251f1 00000001 b dspComponentLoaded
003251f4 00000008 b dspFirstHook
003251fc 00000004 b dspRefCount
00325200 00000004 b dspHandle
00325208 00000080 b fsExemptArchives
00325288 00000004 b fsuRefCount
0032528c 00000004 b fsuHandle
00325290 00000007 b gspEventCbOneShot
00325298 0000001c b gspEventCbData
003252b4 0000001c b gspEventCb
003252d0 00000038 b gspEvents
00325308 00000004 b gspLastEvent
0032530c 00000001 b gspRunEvents
00325310 00000004 b gspEventThread
00325314 00000004 b gspEvent
00325318 00000001 b gspGpuRight
00325319 00000001 b gspThreadId
0032531c 00000004 b gspSharedMem
00325320 00000004 b gspSharedMemHandle
00325324 00000004 b gspRefCount
00325328 00000004 b gspGpuHandle
0032532c 00000001 b usingIrrst
00325330 00000004 b hidRefCount
00325334 00000006 b gRate
0032533c 00000006 b aVec
00325344 00000004 b cPos
00325348 00000004 b tPos
0032534c 00000004 b kRepeat
00325350 00000004 b kUp
00325354 00000004 b kDown
00325358 00000004 b kHeld
0032535c 00000004 b kOld
00325360 00000004 B hidSharedMem
00325364 00000014 B hidEvents
00325378 00000004 B hidMemHandle
0032537c 00000004 B hidHandle
00325380 00000004 b irrstRefCount
00325384 00000004 b csPos
00325388 00000004 b kHeld
0032538c 00000004 B irrstSharedMem
00325390 00000004 B irrstEvent
00325394 00000004 B irrstMemHandle
00325398 00000004 B irrstHandle
0032539c 00000004 b ptmSysmRefCount
003253a0 00000004 b ptmSysmHandle
003253a4 00000004 B h_errno
003253a8 00000004 B socMemhandle
003253ac 00000004 B SOCU_handle
003253b0 00001a88 b outbuf.0
00326e38 00000004 b SOC_hostent_alias
00326e3c 00000044 b SOC_hostent_results
00326e80 00000010 b SOC_hostent
00326e90 00000010 b buffer
00326ea0 00000004 b swkbdSharedMemHandle
00326ea4 00000004 b swkbdSharedMem
00326ea8 00000004 B __ctru_linear_heap
00326eac 00000004 B __ctru_heap
00326eb0 00000004 B __system_retAddr
00326eb4 00000004 B __system_argv
00326eb8 00000004 B __system_argc
00326ebc b saved_stack
00326ec8 00000008 b sVramPoolB
00326ed0 00000008 b sVramPoolA
00326ed8 0000000c b sAddrMap
00326ee4 00000004 B __3dslink_host
00326ee8 00000004 b srvRefCount
00326eec 00000004 b srvHandle
00326ef0 00000004 b arbiter
00326ef4 00000004 b currentAddr
00326ef8 00000004 b maxAddr
00326efc 00000004 b minAddr
00326f00 00000004 b srvPmHandle
00326f08 000005c0 b archive_devices
003274c8 00000004 b archive_device_cwd
003274cc 00000001 b archive_initialized
003274d0 00000028 B __malloc_current_mallinfo
003274f8 00000004 B __malloc_max_total_mem
003274fc 00000004 B __malloc_max_sbrked_mem
00327500 00000004 B __malloc_top_pad
00327504 0000000c b __sfp_recursive_mutex
00327510 00000168 B __sf
00327678 00000004 B __stdio_exit_handler
0032767c 0000000c b __malloc_recursive_mutex
00327688 0000000c b __env_recursive_mutex
00327694 00000004 b alloced.0
00327698 00000004 b initial_env
0032769c 00000004 b prev_tzenv
003276a0 0000000c b __tzname_dst
003276ac 0000000c b __tzname_std
003276b8 00000004 B _timezone
003276bc 00000004 B _daylight
003276c0 00000004 b __tz_mutex
003276c4 00000400 b temp_cwd
00327ac4 00000004 b __hndl_lock
00327ac8 00000004 B fake_heap_start
00327acc 00000004 B fake_heap_end
00327ad0 00000004 b heap_start.0
00327ad4 00000004 B rendergametic
00327ad8 00000004 B supdate
00327adc 00000004 B eventtail
00327ae0 00000800 B events
003282e0 00000004 B advancedemo
003282e4 00000004 B eventhead
003282e8 00000002 B software_MAXPACKETLENGTH
003282ec 00002000 B netcmds
0032a2ec 00020900 B serverlist
0034abec 00000100 B motd
0034acec 00000009 B adminpassword
0034acf8 00000004 B gamelostpercent
0034acfc 00000004 B lostpercent
0034ad00 00000004 B getbps
0034ad04 00000004 B duppercent
0034ad08 00000004 B sendbps
0034ad0c 00000004 B packetheaderlength
0034ad10 00000004 B net_bandwidth
0034ad14 00000002 B hardware_MAXPACKETLENGTH
0034ad18 00001ec0 B fileneeded
0034cbd8 00000004 B fileneedednum
0034cbdc 00000004 B cv_debug
0034cbe0 00000100 B savegamename
0034cce0 00002873 B credits
0034f554 00000004 B timingdemo
0034f558 00000004 B CheckForQuicksand
0034f55c 00000002 B mapmusic
0034f560 00000004 B paused
0034f564 00000001 B creditscutscene
0034f568 00000004 B totalitems
0034f56c 00000004 B localaiming2
0034f570 00055e9c B mapheaderinfo
003a540c 00000008 B Joystick
003a5414 00000004 B CheckForBouncySector
003a5418 00000004 B sstage_start
003a541c 00000004 B gravity
003a5420 00000004 B lastmap
003a5424 00000004 B totalrings
003a5428 00000008 B Joystick2
003a5430 00010400 B lvltable
003b5830 00000004 B countdown2
003b5834 00000002 B maptol
003b5838 00000004 B prevmap
003b583c 00000004 B sstage_end
003b5840 00000004 B consoleplayer
003b5844 00000004 B sstimer
003b5848 00000004 B hunt3
003b584c 00004980 B players
003ba1cc 0000102c B timedata
003bb1f8 00000004 B twodlevel
003bb1fc 00000004 B tokenlist
003bb200 00000004 B netgame
003bb204 00000004 B localaiming
003bb208 00000004 B singledemo
003bb20c 00000004 B tokenbits
003bb210 00000004 B nextmapgametype
003bb214 00000004 B noblit
003bb218 00000004 B countdown
003bb21c 00000004 B grade
003bb220 00000004 B addedtogame
003bb224 00000004 B modifiedgame
003bb228 00000004 B CheckForFloatBob
003bb22c 00000004 B nextmap
003bb230 00000004 B hunt2
003bb234 00000004 B multiplayer
003bb238 00000004 B demoplayback
003bb23c 00000004 B timesbeaten
003bb240 00000080 B playeringame
003bb2c0 00000004 B gametic
003bb2c4 00000004 B redscore
003bb2c8 00000002 B emeralds
003bb2cc 00000004 B skipstats
003bb2d0 00280200 B cutscenes
0063b4d0 00000004 B levelstarttic
0063b4d4 00000004 B spstage_start
0063b4d8 00000004 B demorecording
0063b4dc 00000004 B nodrawers
0063b4e0 00000004 B rflagpoint
0063b4e4 0000102c B mapvisited
0063c510 00000004 B displayplayer
0063c514 00000004 B totalplaytime
0063c518 00000004 B secondarydisplayplayer
0063c51c 00000004 B timeinmap
0063c520 00000004 B racestage_start
0063c524 00000001 B introtoplay
0063c528 00000004 B localangle
0063c52c 00000001 B gameaction
0063c530 00000004 B bflagpoint
0063c534 00000004 B token
0063c538 00000004 B CheckForMarioBlocks
0063c53c 00000004 B nextmapoverride
0063c540 00000004 B CheckForBustableBlocks
0063c544 00000004 B bluescore
0063c548 00000004 B hunt1
0063c54c 00000004 B localangle2
0063c550 00000010 B joyymove
0063c560 00000004 B mouse2y
0063c564 00000010 B joy2xmove
0063c574 00000004 B mlooky
0063c578 000000c0 B gamecontrolbis
0063c638 000001e4 B gamekeydown
0063c81c 00000010 B joy2ymove
0063c82c 00000004 B mousey
0063c830 00000004 B mouse2x
0063c834 00000010 B joyxmove
0063c844 00000004 B mousex
0063c848 000000c0 B gamecontrol
0063c908 00000004 B mlook2y
0063c90c 00000004 B con_hudupdate
0063c910 00000004 B cgraymap
0063c914 00000004 B con_destlines
0063c918 00000004 B credmap
0063c91c 00000004 B cwhitemap
0063c920 00000004 B purplemap
0063c924 00000004 B con_clearlines
0063c928 00000004 B cbluemap
0063c92c 00000004 B redmap
0063c930 00000004 B bluemap
0063c934 00000004 B con_clipviewtop
0063c938 00000004 B lgreenmap
0063c93c 00000004 B yellowmap
0063c940 00000004 B con_recalc
0063c944 00000004 B graymap
0063c948 00000004 B cgreenmap
0063c94c 00000004 B corangemap
0063c950 00000004 B emerald2
0063c954 00000178 B hu_font
0063cacc 00000004 B shiftxform
0063cad0 00000004 B emerald8
0063cad4 00000400 B cechotext
0063ced4 000000d0 B lt_font
0063cfa4 00000004 B emerald4
0063cfa8 00000004 B chat_on
0063cfac 00000004 B emerald5
0063cfb0 00000068 B cred_font
0063d018 00000004 B emerald1
0063d01c 00000004 B emerald7
0063d020 00000004 B emerald3
0063d024 00000004 B emerald6
0063d028 00000080 B facenameprefix
0063d0a8 00000004 B sbotime
0063d0ac 00000080 B faceprefix
0063d12c 00000028 B tallnum
0063d154 00000004 B st_overlay
0063d158 00000004 B sbocolon
0063d15c 00000004 B st_borderpatchnum
0063d160 00000004 B sboscore
0063d164 00000004 B myargv
0063d168 00000004 B myargc
0063d16c 00000004 B skillnum
0063d170 00000004 B startmap
0063d174 000008ac B customsecretinfo
0063da20 00000004 B StartSplitScreenGame
0063da24 00000080 B configfile
0063daa4 00000004 B stplyr
0063daa8 00000004 B var1
0063daac 00000004 B var2
0063dab0 00000004 B tmceilingz
0063dab4 00000004 B tmthing
0063dab8 00000004 B tmsprung
0063dabc 00000004 B tmsectorceilingz
0063dac0 00000004 B ceilingline
0063dac4 00000004 B tmfloorz
0063dac8 00000004 B attackrange
0063dacc 00000010 B tmbbox
0063dadc 00000004 B blockingline
0063dae0 00000004 B linetarget
0063dae4 00000004 B tmfloorthing
0063dae8 00000004 B numspechit
0063daec 00000004 B floatok
0063daf0 00000004 B spechit
0063daf4 00000004 B openbottom
0063daf8 00000004 B openrange
0063dafc 00000010 B trace
0063db0c 00000004 B opentop
0063db10 00000004 B lowfloor
0063db14 00000004 B iquehead
0063db18 0000000c B numhuntemeralds
0063db24 00000004 B iquetail
0063db28 00001000 B itemrespawntime
0063eb28 00000300 B huntemeralds
0063ee28 00001900 B playerstatetics
00640728 00000010 B actioncachehead
00640738 00001000 B itemrespawnque
00641738 00000004 B save_p
0064173c 00000004 B sectors
00641740 00000004 B bmapwidth
00641744 00000080 B bluectfstarts
006417c4 00000004 B vertexes
006417c8 00000004 B bmaporgy
006417cc 00000004 B numsides
006417d0 00000004 B blockmaplump
006417d4 00000004 B rejectmatrix
006417d8 00000004 B numvertexes
006417dc 00000004 B numstarposts
006417e0 00000004 B levelflats
006417e4 00000080 B playerstarts
00641864 00000004 B numsectors
00641868 00000004 B numbluectfstarts
0064186c 00000004 B numlevelflats
00641870 00000100 B deathmatchstarts
00641970 00000004 B mapthings
00641974 00000004 B bmaporgx
00641978 00000004 B subsectors
0064197c 00000004 B segs
00641980 00000004 B numsegs
00641984 00000004 B numcoopstarts
00641988 00000004 B numredctfstarts
0064198c 00000004 B bmapheight
00641990 00000004 B numlines
00641994 00000004 B numdmstarts
00641998 00000004 B nodes
0064199c 00000004 B numnodes
006419a0 00000080 B redctfstarts
00641a20 00000004 B levelloading
00641a24 00000004 B sides
00641a28 00000004 B blockmap
00641a2c 00000004 B blocklinks
00641a30 00000004 B nummapthings
00641a34 00000004 B bkdata
00641a38 00000004 B lastloadedmaplumpnum
00641a3c 00000004 B numsubsectors
00641a40 00000004 B lines
00641a44 00000004 B topslope
00641a48 00000004 B bottomslope
00641a4c 0000000c B thinkercap
00641a58 00000004 B leveltime
00641a5c 00000004 B bombspot
00641a60 00000004 B bombsource
00641a64 00000040 B camera
00641aa4 00000004 B playerdeadview
00641aa8 00000040 B camera2
00641ae8 00000004 B sidedef
00641aec 00000004 B maxdrawsegs
00641af0 00000004 B linedef
00641af4 00000004 B frontsector
00641af8 00000004 B firstseg
00641afc 00000004 B backsector
00641b00 00000004 B curline
00641b04 00000004 B doorclosed
00641b08 00000004 B spriteheight
00641b0c 00000004 B textureheight
00641b10 00000004 B flattranslation
00641b14 00000004 B spritewidth
00641b18 00000200 B color8to16
00641d18 00000004 B texturetranslation
00641d1c 00000004 B spriteoffset
00641d20 00000004 B colormaps
00641d24 00000004 B spritetopoffset
00641d28 00000004 B hicolormaps
00641d2c 00000004 B numspritelumps
00641d30 00000020 B viewborderlump
00641d50 00000004 B ds_source
00641d54 000012c0 B ylookup1
00643014 00000004 B ds_transmap
00643018 00000004 B ds_x2
0064301c 00000004 B ds_xstep
00643020 00000004 B ds_colormap
00643024 00000004 B dc_transmap
00643028 00000004 B viewwidth
0064302c 00000004 B ds_ystep
00643030 00000004 B transtables
00643034 00000004 B ds_yfrac
00643038 00000004 B ds_xfrac
0064303c 00000004 B dc_source
00643040 000012c0 B ylookup2
00644300 00000004 B dc_iscale
00644304 000012c0 B ylookup
006455c4 00000004 B dc_hires
006455c8 00000004 B flatsize
006455cc 00000004 B dc_texheight
006455d0 00000004 B dc_maxlights
006455d4 00000080 B translationtables
00645654 00000004 B viewheight
00645658 00000004 B dc_texturemid
0064565c 00000004 B ds_x1
00645660 00001e00 B columnofs
00647460 00000004 B scaledviewwidth
00647464 00000004 B dc_translation
00647468 00000004 B flatmask
0064746c 00000004 B dc_colormap
00647470 00000004 B bosstranslationtables
00647474 00000004 B defaulttranslationtables
00647478 00000004 B viewwindowy
0064747c 00000004 B ds_y
00647480 00000004 B flatsubtract
00647484 00000004 B viewwindowx
00647488 00000004 B centery
0064748c 00000004 B num_extra_colormaps
00647490 00000004 B projection
00647494 00000004 B viewcos
00647498 00002000 B zlight
00649498 00000004 B viewy
0064949c 00004000 B viewangletox
0064d49c 00000004 B aimingangle
0064d4a0 00000004 B framecount
0064d4a4 00000004 B setsizeneeded
0064d4a8 00001e04 B xtoviewangle
0064f2ac 00000004 B loopcount
0064f2b0 000003c0 B extra_colormaps
0064f670 00000c00 B scalelight
00650270 00000004 B linecount
00650274 00000004 B clipangle
00650278 00000004 B projectiony
0065027c 00000004 B viewsin
00650280 00000004 B sscount
00650284 00000004 B centerx
00650288 000000c0 B scalelightfixed
00650348 00000004 B viewplayer
0065034c 00000004 B viewz
00650350 00000004 B centeryfrac
00650354 00000004 B viewangle
00650358 00000004 B viewx
0065035c 00000004 B centerxfrac
00650360 00000004 B ceilingplane
00650364 00000004 B lastopening
00650368 00001e00 B frontscale
00652168 00001e00 B distscale
00653f68 00000004 B openings
00653f6c 00000f00 B floorclip
00654e6c 0004b640 B ffloor
006a04ac 00000004 B numffloors
006a04b0 000012c0 B cachedxstep
006a1770 00000004 B baseyscale
006a1774 00004b00 B yslopetab
006a6274 000012c0 B cachedystep
006a7534 00000f00 B ceilingclip
006a8434 00000004 B yslope
006a8438 000012c0 B cachedheight
006a96f8 00000004 B maxopenings
006a96fc 000012c0 B cacheddistance
006aa9bc 00000004 B basexscale
006aa9c0 00000004 B floorplane
006aa9c4 00000004 B walllights
006aa9c8 00000004 B rw_normalangle
006aa9cc 00000004 B rw_distance
006aa9d0 00000004 B rw_angle1
006aa9d4 00000004 B levelskynum
006aa9d8 00000004 B skytexture
006aa9dc 00000004 B globallevelskynum
006aa9e0 00000004 B skyflatnum
006aa9e4 00000004 B skytexturemid
006aa9e8 00000004 B skyscale
006aa9ec 00000004 B pspritescale
006aa9f0 00000004 B sprites
006aa9f4 00000f00 B screenheightarray
006ab8f4 00000004 B mceilingclip
006ab8f8 00000004 B pspriteyscale
006ab8fc 00001f74 B skins
006ad870 00000004 B numsprites
006ad874 00000004 B pspriteiscale
006ad878 00000004 B mfloorclip
006ad87c 00000f00 B negonearray
006ae77c 00000004 B scr_bpp
006ae780 00000004 B transcolfunc
006ae784 00000004 B setmodeneeded
006ae788 00000004 B fuzzcolfunc
006ae78c 00000004 B colfunc
006ae790 00000004 B scr_borderpatch
006ae794 00000004 B shadecolfunc
006ae798 00000004 B spanfunc
006ae79c 0000003c B vid
006ae7d8 00000004 B basecolfunc
006ae7dc 00000004 B transtransfunc
006ae7e0 00000004 B skycolfunc
006ae7e4 00000004 B skydrawerfunc
006ae7e8 00000004 B basespanfunc
006ae7ec 00000014 B screens
006ae800 00002f86 B freeslotnames
006b1788 00000004 B numwadfiles
006b178c 000000c0 B wadfiles
006b184c B __tls_start
006b2454 B __bss_end__
006b2454 A __end__
006b2454 B __tls_end
